ID,Link,Name,Brand,DiscountedPrice,DiscountedPercent,SoldQuantity,BatteryCapacity,FrontCamera,BackCamera,GPU,ChargingPort,RAM,Resolution,ROM,ScreenSize,WarrantyDuration,Rating,NumberOfReview,Description
334932,https://www.thegioididong.com/dtdd/samsung-galaxy-a56,Điện thoại Samsung Galaxy A56 5G 12GB/256GB,Samsung,11390000.0,-5%,"• Đã bán 1,1k",5000 mAh,12 MP,"Chính 50 MP & Phụ 12 MP, 5 MP",AMD Ariel 2WGP-1RB 1.3 GHz,Type-C,12 GB,Full HD+ (1080 x 2340 Pixels),256 GB,6.7,Bảo hành chính hãng điện thoại 1 năm tại các trung tâm bảo hành hãng Xem địa chỉ bảo hành,5,4 đánh giá,"Samsung Galaxy A56 là chiếc điện thoại hiện đại với thiết kế đẹp, bền bỉ và hiệu năng mạnh mẽ. Máy sở hữu camera sắc nét, pin lâu, cùng nhiều tính năng thông minh, giúp bạn làm việc, giải trí và kết nối dễ dàng. Đây là lựa chọn lý tưởng cho những ai cần một chiếc smartphone linh hoạt, đáp ứng tốt mọi nhu cầu hàng ngày."
332934,https://www.thegioididong.com/dtdd/oppo-reno13-5g,Điện thoại OPPO Reno13 5G 12GB/256GB,OPPO,14990000.0,-6%,"• Đã bán 1,3k",5600 mAh,50 MP,"Chính 50 MP & Phụ 8 MP, 2 MP",Mali-G615,Type-C,12 GB,1.5K (1256 x 2760 Pixles),256 GB,6.59,Bảo hành chính hãng điện thoại 1 năm tại các trung tâm bảo hành hãng Xem địa chỉ bảo hành,5,13 đánh giá,NaN
335234,https://www.thegioididong.com/dtdd/samsung-galaxy-a06-5g-6gb-128gb,Điện thoại Samsung Galaxy A06 5G 6GB/128GB,Samsung,4490000.0,NaN,"• Đã bán 1,9k",5000 mAh,8 MP,Chính 50 MP & Phụ 2 MP,Mali-G57,Type-C,6 GB,HD+ (720 x 1600 Pixels),128 GB,6.7,Bảo hành chính hãng điện thoại 1 năm tại các trung tâm bảo hành hãng Xem địa chỉ bảo hành,5,1 đánh giá,"Samsung Galaxy A06 5G 6GB/128GB là một sản phẩm nổi bật trong phân khúc phổ thông, kết hợp tốc độ kết nối 5G ấn tượng với hiệu năng mượt mà, màn hình chất lượng cao và thời lượng pin ấn tượng. Đây là sự lựa chọn hoàn hảo cho người dùng muốn khám phá công nghệ tiên tiến với mức giá phải chăng."
336743,https://www.thegioididong.com/dtdd/tcl-605-4-128gb,Điện thoại TCL 605 4GB/128GB,TCL,2390000.0,-4%,"• Đã bán 1,9k",NaN,NaN,NaN,NaN,NaN,NaN,NaN,NaN,NaN,NaN,4.9,NaN,NaN
330619,https://www.thegioididong.com/dtdd/realme-13-plus-5g,Điện thoại realme 13+ 5G 12GB/256GB,realme,9990000.0,NaN,"• Đã bán 10,5k",5000 mAh,16 MP,"Chính 50 MP & Phụ 2 MP, Flicker",Mali-G615,Type-C,12 GB,Full HD+ (1080 x 2400 Pixels),256 GB,6.67,Bảo hành chính hãng điện thoại 1 năm tại các trung tâm bảo hành hãng Xem địa chỉ bảo hành,5,4 đánh giá,"realme 13+ 5G mang trong mình sức mạnh hiệu năng đỉnh cao, thiết kế tinh tế và những công nghệ hàng đầu. Với chip Dimensity 7300 Energy 5G, màn hình OLED 120 Hz, RAM siêu lớn lên đến 26 GB và sạc nhanh 80W, đây là chiếc điện thoại không chỉ phục vụ mọi nhu cầu của bạn mà còn mang đến trải nghiệm vượt ngoài mong đợi."
327190,https://www.thegioididong.com/dtdd/oppo-reno12-f-5g-12gb-256gb,Điện thoại OPPO Reno12 F 5G 12GB/256GB,OPPO,7990000.0,-20%,"• Đã bán 10,6k",5000 mAh,32 MP,"Chính 50 MP & Phụ 8 MP, 2 MP",Mali-G57 MC2,Type-C,12 GB,Full HD+ (1080 x 2400 Pixels),256 GB,6.67,Bảo hành chính hãng điện thoại 1 năm tại các trung tâm bảo hành hãng Xem địa chỉ bảo hành,4.9,44 đánh giá,"OPPO Reno12 F 12GB là chiếc smartphone hiện đại, mang đến sự kết hợp hoàn hảo giữa thiết kế thanh lịch và hiệu năng mạnh mẽ. Với các tính năng tiên tiến và công nghệ sạc nhanh, Reno12 F hứa hẹn mang lại trải nghiệm tuyệt vời cho người dùng trong mọi hoạt động hằng ngày."
336409,https://www.thegioididong.com/dtdd/masstel-s9,Điện thoại Masstel S9 6GB/256GB,Masstel,2890000.0,-3%,"• Đã bán 10,7k",5000 mAh,8 MP,"Chính 50 MP & Phụ 2 MP, CIF",Mali-G57,Type-C,6 GB,HD+ (720 x 1600 Pixels),256 GB,6.67,Bảo hành chính hãng điện thoại 1 năm tại các trung tâm bảo hành hãng Xem địa chỉ bảo hành,4.9,3 đánh giá,NaN
305658,https://www.thegioididong.com/dtdd/iphone-15-pro-max,Điện thoại iPhone 15 Pro Max 256GB,iPhone (Apple),29990000.0,-3%,"• Đã bán 10,8k",4422 mAh,12 MP,"Chính 48 MP & Phụ 12 MP, 12 MP",Apple GPU 6 nhân,Type-C,8 GB,Super Retina XDR (1290 x 2796 Pixels),256 GB,6.7,Bảo hành chính hãng điện thoại 1 năm tại các trung tâm bảo hành hãng Xem địa chỉ bảo hành,4.9,264 đánh giá,NaN
335228,https://www.thegioididong.com/dtdd/vivo-y04,Điện thoại vivo Y04 4GB/128GB,vivo,3490000.0,NaN,"• Đã bán 10,9k",5500 mAh,5 MP,Chính 13 MP & Phụ 0.08 MP,Mali-G52,Type-C,4 GB,HD+ (720 x 1600 Pixels),128 GB,6.74,Hư gì đổi nấy 12 tháng tại 2957 siêu thị toàn quốc (miễn phí tháng đầu) Xem chi tiết,4.9,NaN,"vivo Y04 không chỉ gây ấn tượng với viên pin 5500 mAh mạnh mẽ, mà còn được thiết kế để bền bỉ theo thời gian. Với độ bền đạt chuẩn quân đội cùng khả năng kháng bụi và nước IP64, mẫu smartphone này sẵn sàng đồng hành cùng bạn trong mọi điều kiện sử dụng, từ công việc hàng ngày đến những chuyến đi xa."
335917,https://www.thegioididong.com/dtdd/xiaomi-redmi-a5-3gb-64gb,Điện thoại Xiaomi Redmi A5 3GB/64GB,Xiaomi,2590000.0,-7%,"• Đã bán 109,7k",NaN,NaN,NaN,NaN,NaN,NaN,NaN,NaN,NaN,NaN,4.9,NaN,NaN
334938,https://www.thegioididong.com/dtdd/oppo-find-n5,Điện thoại OPPO Find N5 5G 16GB/512GB,OPPO,44990000.0,NaN,"• Đã bán 11,1k",5600 mAh,8 MP,"Chính 50 MP & Phụ 50 MP, 8 MP",Adreno 830,Type-C,16 GB,Chính: QXGA+ (2248 x 2480 Pixels) & Phụ: FHD+ (1140x 2616 Pixels),512 GB,Chính 8.12,Bảo hành chính hãng điện thoại 1 năm tại các trung tâm bảo hành hãng Xem địa chỉ bảo hành,4.9,2 đánh giá,"OPPO Find N5 nổi bật với thiết kế gập siêu mỏng, chỉ 8.93 mm khi gập và 4.21 mm khi mở, cùng màn hình lớn 8.12 inch. Máy trang bị chip Snapdragon 8 Elite, viên pin 5600 mAh mỏng nhất thế giới, bản lề hợp kim titan bền bỉ và khả năng kháng nước IPX6, IPX8, IPX9. Đặc biệt, đây là điện thoại gập đầu tiên kết nối liền mạch với MacOS, mang đến trải nghiệm mạnh mẽ và linh hoạt."
336702,https://www.thegioididong.com/dtdd/vivo-v50-lite,Điện thoại vivo V50 Lite 8GB/256GB,vivo,8990000.0,NaN,• Đã bán 118,NaN,NaN,NaN,NaN,NaN,NaN,NaN,NaN,NaN,NaN,5,NaN,NaN
329138,https://www.thegioididong.com/dtdd/iphone-16-plus,Điện thoại iPhone 16 Plus 128GB,iPhone (Apple),22190000.0,-14%,"• Đã bán 12,4k",NaN,12 MP,Chính 48 MP & Phụ 12 MP,Apple GPU 5 nhân,Type-C,8 GB,Super Retina XDR (1290 x 2796 Pixels),128 GB,6.7,Bảo hành chính hãng điện thoại 1 năm tại các trung tâm bảo hành hãng Xem địa chỉ bảo hành,4.9,4 đánh giá,NaN
329785,https://www.thegioididong.com/dtdd/samsung-galaxy-s24-fe-8gb-256gb,Điện thoại Samsung Galaxy S24 FE 5G 8GB/256GB,Samsung,13890000.0,-24%,"• Đã bán 12,7k",4700 mAh,10 MP,"Chính 50 MP & Phụ 12 MP, 8 MP",Xclipse 940,Type-C,8 GB,Full HD+ (1080 x 2340 Pixels),256 GB,6.7,Bảo hành chính hãng điện thoại 1 năm tại các trung tâm bảo hành hãng Xem địa chỉ bảo hành,4.9,8 đánh giá,"Samsung Galaxy S24 FE 256GB mang đến sự nâng cấp vượt trội về hiệu suất và trải nghiệm người dùng. Với vi xử lý Exynos 2400e, máy không chỉ hoạt động mạnh mẽ mà còn tối ưu tốt cho các ứng dụng AI. Bên cạnh đó, màn hình rộng và camera chất lượng cao là những điểm nổi bật khiến Galaxy S24 FE trở nên hấp dẫn."
322670,https://www.thegioididong.com/dtdd/samsung-galaxy-a55-5g-8-256,Điện thoại Samsung Galaxy A55 5G 8GB/256GB,Samsung,8690000.0,-20%,"• Đã bán 12,8k",5000 mAh,32 MP,"Chính 50 MP & Phụ 12 MP, 5 MP",AMD Titan 1WGP,Type-C,8 GB,Full HD+ (1080 x 2340 Pixels),256 GB,6.6,Bảo hành chính hãng điện thoại 1 năm tại các trung tâm bảo hành hãng Xem địa chỉ bảo hành,4.9,75 đánh giá,"Samsung Galaxy A55 5G (8GB/256GB) một thành viên mới nhất trong dòng sản phẩm A series, hứa hẹn mang đến nhiều tính năng tiên tiến cùng với kết nối 5G tốc độ cao. Sản phẩm được trình làng với mục tiêu cung cấp một chiếc điện thoại thông minh cao cấp, đa chức năng nhưng với mức giá phải chăng."
328625,https://www.thegioididong.com/dtdd/realme-c65s-8gb-128gb,Điện thoại realme C65s 8GB/128GB,realme,4790000.0,NaN,"• Đã bán 124,5k",5000 mAh,8 MP,Chính 50 MP & Cảm biến Flicker,Mali-G57,Type-C,8 GB,HD+ (720 x 1600 Pixels),128 GB,6.745,Bảo hành chính hãng điện thoại 1 năm tại các trung tâm bảo hành hãng Xem địa chỉ bảo hành,4.9,10 đánh giá,"realme C65s 8GB/128GB là sự lựa chọn lý tưởng với hiệu năng mạnh mẽ, thiết kế hiện đại và pin lâu. Màn hình rộng, camera rõ nét và pin 5000 mAh hỗ trợ sạc nhanh 45W giúp người dùng thoải mái sử dụng, mang lại trải nghiệm mượt mà và tiện lợi."
329133,https://www.thegioididong.com/dtdd/honor-200-12gb-256gb,Điện thoại HONOR 200 5G 12GB/256GB,HONOR,11490000.0,-11%,"• Đã bán 127,7k",5200 mAh,50 MP,"Chính 50 MP & Phụ 50 MP, 12 MP",Adreno 720,Type-C,12 GB,1.5K (1200 x 2664 Pixels),256 GB,6.7,Bảo hành chính hãng điện thoại 18 tháng tại các trung tâm bảo hành hãng Xem địa chỉ bảo hành,4.9,5 đánh giá,"HONOR 200 5G 12GB/256GB là lựa chọn lý tưởng cho những ai yêu thích chụp ảnh với độ sắc nét ấn tượng và nhiều chế độ lung linh. Máy có màn hình sống động kết hợp cùng khả năng chụp ảnh chuyên nghiệp, đảm bảo mọi khoảnh khắc đều được ghi lại hoàn hảo."
328454,https://www.thegioididong.com/dtdd/oppo-a3-8gb-128gb,Điện thoại OPPO A3 8GB/128GB,OPPO,5290000.0,NaN,"• Đã bán 13,9k",5100 mAh,5 MP,Chính 50 MP & Cảm biến Flicker,Adreno 610,Type-C,8 GB,HD+ (720 x 1604 Pixels),128 GB,6.67,Bảo hành chính hãng điện thoại 1 năm tại các trung tâm bảo hành hãng Xem địa chỉ bảo hành,4.9,24 đánh giá,"OPPO A3 8GB/128GB mang đến một trải nghiệm sử dụng mượt mà và an toàn. Thiết kế bền bỉ theo tiêu chuẩn quân sự và khả năng kháng nước IP54 cho phép thiết bị vượt qua mọi thử thách, từ những buổi dã ngoại đến những cơn mưa bất chợt."
330028,https://www.thegioididong.com/dtdd/viettel-sumo-4g-t2,Điện thoại Viettel Sumo 4G T2,Viettel,550000.0,NaN,"• Đã bán 130,2k",1400 mAh,NaN,0.08 MP,NaN,Type-C,48 MB,QVGA (240 x 320 Pixels),128 MB,2.4,Bảo hành chính hãng điện thoại 1 năm tại các trung tâm bảo hành hãng Xem địa chỉ bảo hành,4.9,10 đánh giá,"Viettel Sumo 4G T2 là một chiếc điện thoại phổ thông được thiết kế để đáp ứng nhu cầu liên lạc cốt lõi trong kỷ nguyên số. Tập trung vào nghe gọi, nhắn tin và các tiện ích cơ bản, điểm nhấn quan trọng nhất của sản phẩm này là khả năng kết nối mạng 4G tốc độ cao."
326016,https://www.thegioididong.com/dtdd/vivo-y28,Điện thoại vivo Y28 8GB/128GB,vivo,5790000.0,NaN,"• Đã bán 14,1k",6000 mAh,8 MP,Chính 50 MP & Phụ 2 MP,Mali-G52,Type-C,8 GB,HD+ (720 x 1608 Pixels),128 GB,6.68,Bảo hành chính hãng điện thoại 1 năm tại các trung tâm bảo hành hãng Xem địa chỉ bảo hành,4.9,27 đánh giá,"Mang một thiết kế hiện đại, thời thượng, hệ thống camera sắc nét, viên pin khủng 6000 mAh, hiệu năng ổn định lâu dài,... vivo Y28 8GB/128GB sẽ là lựa chọn hàng đầu cho các nhu cầu sử dụng, giải trí cơ bản của người dùng."
329135,https://www.thegioididong.com/dtdd/iphone-16,Điện thoại iPhone 16 128GB,iPhone (Apple),19090000.0,-16%,"• Đã bán 14,5k",22 giờ,12 MP,Chính 48 MP & Phụ 12 MP,Apple GPU 5 nhân,Type-C,8 GB,Super Retina XDR (1179 x 2556 Pixels),128 GB,6.1,Bảo hành chính hãng điện thoại 1 năm tại các trung tâm bảo hành hãng Xem địa chỉ bảo hành,4.9,13 đánh giá,NaN
320336,https://www.thegioididong.com/dtdd/xiaomi-15,Điện thoại Xiaomi 15 5G 12GB/512GB,Xiaomi,24990000.0,-7%,• Đã bán 140,5240 mAh,32 MP,3 camera 50 MP,Adreno 830,Type-C,12 GB,1.5K (1200 x 2670 Pixels),512 GB,6.36,Bảo hành chính hãng điện thoại 2 năm tại các trung tâm bảo hành hãng Xem địa chỉ bảo hành,5,2 đánh giá,"Xiaomi 15 512GB mang đến một bước tiến lớn về chất lượng, hiệu năng và camera, khẳng định vị thế trong phân khúc flagship. Với những cải tiến đáng chú ý về vật liệu, màn hình và công nghệ AI, sản phẩm này hứa hẹn đáp ứng tốt đa dạng nhu cầu của người dùng từ công việc đến giải trí."
334323,https://www.thegioididong.com/dtdd/oppo-a5-pro,Điện thoại OPPO A5 Pro 8GB/256GB,OPPO,6990000.0,NaN,"• Đã bán 141,5k",5800 mAh,8 MP,Chính 50 MP & Phụ 2 MP,Adreno 610,Type-C,8 GB,HD+ (720 x 1604 Pixels),256 GB,6.67,"Bộ sản phẩm gồm: Ốp lưng, Sách hướng dẫn, Hộp, Cáp Type C, Củ sạc nhanh Type C, Cây lấy sim",4.9,13 đánh giá,"OPPO A5 Pro mang đến trải nghiệm mượt mà với màn hình 90 Hz, hiệu năng vượt trội nhờ Snapdragon và hệ thống camera sắc nét cho từng chi tiết. Cùng với pin 5800 mAh bền bỉ, chiếc điện thoại này sẽ giúp bạn hoàn thành mọi tác vụ và giải trí một cách dễ dàng, không lo gián đoạn."
320730,https://www.thegioididong.com/dtdd/xiaomi-redmi-note-14-pro,Điện thoại Xiaomi Redmi Note 14 Pro 8GB/256GB,Xiaomi,7990000.0,NaN,• Đã bán 143,NaN,NaN,NaN,NaN,NaN,NaN,NaN,NaN,NaN,NaN,5,NaN,NaN
323563,https://www.thegioididong.com/dtdd/samsung-galaxy-m35-5g,Điện thoại Samsung Galaxy M35 5G 8GB/256GB,Samsung,8790000.0,NaN,"• Đã bán 15,1k",6000 mAh,13 MP,"Chính 50 MP & Phụ 8 MP, 2 MP",Mali-G68 MP5,Type-C,8 GB,Full HD+ (1080 x 2340 Pixels),256 GB,6.6,Bảo hành chính hãng điện thoại 1 năm tại các trung tâm bảo hành hãng Xem địa chỉ bảo hành,4.9,55 đánh giá,"Samsung Galaxy M35 5G đem đến những công nghệ tiên tiến như màn hình Super AMOLED, dung lượng pin “khủng” 6000 mAh và vi xử lý Exynos 1380 8 nhân được sản xuất trên quy trình 5 nm tân tiến, giúp máy đáp ứng tốt những tác vụ ngày càng đa dạng và khắt khe của người dùng."
331200,https://www.thegioididong.com/dtdd/vivo-y19s-6gb-128gb,Điện thoại vivo Y19s 6GB/128GB,vivo,4290000.0,NaN,"• Đã bán 15,2k",5500 mAh,5 MP,Chính 50 MP & Phụ 0.08 MP,Mali-G57,Type-C,6 GB,HD+ (720 x 1608 Pixels),128 GB,6.68,Bảo hành chính hãng điện thoại 1 năm tại các trung tâm bảo hành hãng Xem địa chỉ bảo hành,4.9,8 đánh giá,"vivo Y19s 6GB/128GB là lựa chọn hoàn hảo cho những ai tìm kiếm một smartphone mạnh mẽ, thiết kế thu hút và viên pin bền bỉ. Sản phẩm không chỉ đáp ứng tốt nhu cầu sử dụng hàng ngày mà còn có khả năng chống va đập hiệu quả, mang đến sự yên tâm và bảo vệ cho người dùng."
223602,https://www.thegioididong.com/dtdd/iphone-13,Điện thoại iPhone 13 128GB,iPhone (Apple),11690000.0,-22%,"• Đã bán 15,3k",3240 mAh,12 MP,2 camera 12 MP,Apple GPU 4 nhân,Lightning,4 GB,Super Retina XDR (1170 x 2532 Pixels),128 GB,6.1,Bảo hành chính hãng điện thoại 1 năm tại các trung tâm bảo hành hãng Xem địa chỉ bảo hành,4.9,645 đánh giá,"Trong khi sức hút đến từ bộ 4 phiên bản iPhone 12 vẫn chưa nguội đi, thì hãng điện thoại Apple đã mang đến cho người dùng một siêu phẩm mới iPhone 13 series với nhiều cải tiến thú vị sẽ mang lại những trải nghiệm hấp dẫn nhất cho người dùng."
333363,https://www.thegioididong.com/dtdd/samsung-galaxy-s25,Điện thoại Samsung Galaxy S25 5G 12GB/256GB,Samsung,19690000.0,-14%,"• Đã bán 15,3k",4000 mAh,12 MP,"Chính 50 MP & Phụ 12 MP, 10 MP",Adreno 830,Type-C,12 GB,Full HD+ (1080 x 2340 Pixels),256 GB,6.2,Bảo hành chính hãng điện thoại 1 năm tại các trung tâm bảo hành hãng Xem địa chỉ bảo hành,4.9,8 đánh giá,"Trong sự kiện Unpacked 2025, Samsung giới thiệu Samsung Galaxy S25 - một bước đột phá với thiết kế hiện đại, camera vượt trội và hiệu suất mạnh mẽ. Được trang bị chip Snapdragon 8 Elite For Galaxy tích hợp AI, máy mang đến khả năng tối ưu hóa hiệu năng vượt bậc, đáp ứng mọi nhu cầu của người dùng, đồng thời thể hiện đẳng cấp trong từng chi tiết."
335307,https://www.thegioididong.com/dtdd/realme-c75x,Điện thoại realme C75x 8GB/128GB,realme,5290000.0,NaN,"• Đã bán 15,4k",5600 mAh,5 MP,Chính 50 MP & Cảm biến Flicker,Mali-G52,Type-C,8 GB,HD+ (720 x 1604 Pixels),128 GB,6.67,Hư gì đổi nấy 12 tháng tại 2957 siêu thị toàn quốc (miễn phí tháng đầu) Xem chi tiết,4.9,1 đánh giá,"Trong bối cảnh thị trường ngày càng cạnh tranh, realme tiếp tục khẳng định vị thế với realme C75x - một sản phẩm sở hữu thiết kế bắt mắt, độ bền cao, hiệu năng mạnh mẽ và thời lượng pin ấn tượng, hứa hẹn trở thành lựa chọn đáng giá trong phân khúc giá tốt, đáp ứng nhu cầu ngày càng cao của người dùng hiện đại."
332938,https://www.thegioididong.com/dtdd/xiaomi-redmi-note-14-pro-5g,Điện thoại Xiaomi Redmi Note 14 Pro 5G 8GB/256GB,Xiaomi,9490000.0,NaN,"• Đã bán 164,4k",NaN,NaN,NaN,NaN,NaN,NaN,NaN,NaN,NaN,NaN,4.9,NaN,NaN
329149,https://www.thegioididong.com/dtdd/iphone-16-pro-max,Điện thoại iPhone 16 Pro Max 256GB,iPhone (Apple),30590000.0,-12%,"• Đã bán 18,4k",33 giờ,12 MP,"Chính 48 MP & Phụ 48 MP, 12 MP",Apple GPU 6 nhân,Type-C,8 GB,Super Retina XDR (1320 x 2868 Pixels),256 GB,6.9,Bảo hành chính hãng điện thoại 1 năm tại các trung tâm bảo hành hãng Xem địa chỉ bảo hành,4.9,129 đánh giá,NaN
328306,https://www.thegioididong.com/dtdd/oppo-reno12-f-4g-8gb-256gb,Điện thoại OPPO Reno12 F 8GB/256GB,OPPO,8490000.0,NaN,"• Đã bán 18,6k",5000 mAh,32 MP,"Chính 50 MP & Phụ 8 MP, 2 MP",Adreno 610,Type-C,8 GB,Full HD+ (1080 x 2400 Pixels),256 GB,6.67,Bảo hành chính hãng điện thoại 1 năm tại các trung tâm bảo hành hãng Xem địa chỉ bảo hành,4.9,15 đánh giá,"OPPO Reno12 F 4G kết hợp hài hòa giữa công nghệ hiện đại và thiết kế tinh tế. Màn hình AMOLED cùng với AI thông minh tạo nên một tổng thể hoàn hảo, đáp ứng mọi nhu cầu của người dùng. Dung lượng pin lớn đảm bảo bạn luôn kết nối với thế giới xung quanh."
320734,https://www.thegioididong.com/dtdd/xiaomi-redmi-a3,Điện thoại Xiaomi Redmi A3 3GB/64GB,Xiaomi,2490000.0,NaN,"• Đã bán 181,5k",5000 mAh,5 MP,Chính 8 MP & Phụ 0.08 MP,IMG PowerVR GE8320,Type-C,3 GB,HD+ (720 x 1650 Pixels),64 GB,6.71,Bảo hành chính hãng điện thoại 18 tháng tại các trung tâm bảo hành hãng Xem địa chỉ bảo hành,4.9,35 đánh giá,"Xiaomi Redmi A3 là một sản phẩm giá rẻ vừa được Xiaomi ra mắt trong dịp đầu năm 2024, máy nổi trội nhờ có mức giá tốt nhưng lại sở hữu một vài điểm nổi bật. Đặc biệt, máy tích hợp viên pin 5000 mAh, có màn hình lớn 6.71 inch và có thêm tần số quét 90 Hz."
334969,https://www.thegioididong.com/dtdd/tecno-spark-30,Điện thoại Tecno Spark 30 8GB/128GB,Tecno,3590000.0,-7%,• Đã bán 196,5000 mAh,13 MP,Chính 64 MP & Phụ 2 MP,NaN,Type-C,NaN,Full HD+ (1080 x 2460 Pixels),NaN,6.78,Bảo hành chính hãng điện thoại 13 tháng tại các trung tâm bảo hành hãng Xem địa chỉ bảo hành,4.9,2 đánh giá,NaN
335915,https://www.thegioididong.com/dtdd/samsung-galaxy-a26-6gb-128gb,Điện thoại Samsung Galaxy A26 5G 6GB/128GB,Samsung,6290000.0,-4%,• Đã bán 1k,5000 mAh,13 MP,"Chính 50 MP & Phụ 8 MP, 2 MP",Mali-G68,Type-C,6 GB,Full HD+ (1080 x 2340 Pixels),128 GB,6.7,Bảo hành chính hãng điện thoại 1 năm tại các trung tâm bảo hành hãng Xem địa chỉ bảo hành,5,2 đánh giá,"Samsung Galaxy A26 6GB/128GB trang bị màn hình 120 Hz mượt mà, chip Exynos 1380 mạnh mẽ và camera 50 MP OIS sắc nét, giúp ghi lại hình ảnh sống động. Máy có thiết kế hiện đại, pin 5000 mAh bền bỉ, sạc nhanh 25W và đạt chuẩn kháng nước, bụi IP67, mang đến sự bền bỉ và tiện lợi cho người dùng năng động."
333347,https://www.thegioididong.com/dtdd/samsung-galaxy-s25-ultra,Điện thoại Samsung Galaxy S25 Ultra 5G 12GB/256GB,Samsung,28990000.0,-14%,"• Đã bán 2,4k",5000 mAh,12 MP,"Chính 200 MP & Phụ 50 MP, 50 MP, 10 MP",Adreno 830,Type-C,12 GB,2K+ (1440 x 3120 Pixels),256 GB,6.9,Bảo hành chính hãng điện thoại 1 năm tại các trung tâm bảo hành hãng Xem địa chỉ bảo hành,4.9,14 đánh giá,"Samsung đã chính thức trình làng mẫu smartphone cao cấp mới mang tên Samsung Galaxy S25 Ultra. Đây là mẫu sản phẩm được kỳ vọng là “danh mục” chiến lược của Samsung trong năm 2025, hứa hẹn tiếp tục đẩy mạnh vị thế dẫn đầu của hãng trong ngành công nghiệp di động với thiết kế thẩm mỹ, cấu hình và trợ năng AI đỉnh cao."
322129,https://www.thegioididong.com/dtdd/oppo-find-x8-pro,Điện thoại OPPO Find X8 Pro 5G 16GB/512GB,OPPO,29990000.0,NaN,"• Đã bán 2,6k",5910 mAh,32 MP,4 camera 50 MP,ARM Immortalis G925 MC12,Type-C,16 GB,1.5K+ (1264 x 2780 Pixels),512 GB,6.78,Bảo hành chính hãng điện thoại 2 năm tại các trung tâm bảo hành hãng Xem địa chỉ bảo hành,4.9,3 đánh giá,"OPPO Find X8 Pro bước vào phân khúc cao cấp với thiết kế viền siêu mỏng, vỏ nhôm sang trọng, khả năng chống nước và bụi vượt trội. Máy còn được nâng cấp về camera, hiệu suất mạnh mẽ và thời lượng pin ấn tượng, mang đến trải nghiệm đáng giá."
335755,https://www.thegioididong.com/dtdd/xiaomi-redmi-13x-6gb-128gb,Điện thoại Xiaomi Redmi 13x 6GB/128GB,Xiaomi,4290000.0,NaN,"• Đã bán 2,7k",5030 mAh,13 MP,Chính 108 MP & Phụ 2 MP,Mali-G52 MC2,Type-C,6 GB,Full HD+ (1080 x 2460 Pixels),128 GB,6.79,Bảo hành chính hãng điện thoại 18 tháng tại các trung tâm bảo hành hãng Xem địa chỉ bảo hành,4.9,5 đánh giá,"Xiaomi Redmi 13x 6GB mang đến trải nghiệm toàn diện với hiệu năng mạnh mẽ, thiết kế tinh tế và camera 108 MP ấn tượng. Viên pin 5030 mAh cho thời gian sử dụng dài lâu, trong khi màn hình sắc nét và cấu hình tối ưu đảm bảo mọi tác vụ đều mượt mà. Đây là lựa chọn tuyệt vời cho những ai muốn sở hữu một chiếc smartphone chất lượng mà vẫn tiết kiệm chi phí."
331204,https://www.thegioididong.com/dtdd/samsung-galaxy-a16-5g,Điện thoại Samsung Galaxy A16 5G 8GB/256GB,Samsung,6790000.0,NaN,"• Đã bán 2,7k",5000 mAh,13 MP,"Chính 50 MP & Phụ 5 MP, 2 MP",Mali-G57,Type-C,8 GB,Full HD+ (1080 x 2340 Pixels),256 GB,6.7,Bảo hành chính hãng điện thoại 1 năm tại các trung tâm bảo hành hãng Xem địa chỉ bảo hành,5,33 đánh giá,"Samsung Galaxy A16 5G là lựa chọn hoàn hảo cho những ai tìm kiếm sự kết hợp giữa hiệu năng mạnh mẽ và thiết kế thời thượng. Với màn hình Super AMOLED sắc nét, chip MediaTek Dimensity 6300 5G cùng RAM 8GB, Galaxy A16 5G không chỉ mang đến trải nghiệm giải trí và công việc tối ưu mà còn bền bỉ, an toàn cho dữ liệu cá nhân."
303891,https://www.thegioididong.com/dtdd/iphone-15-plus,Điện thoại iPhone 15 Plus 128GB,iPhone (Apple),19390000.0,-15%,"• Đã bán 207,1k",4383 mAh,12 MP,Chính 48 MP & Phụ 12 MP,Apple GPU 5 nhân,Type-C,6 GB,Super Retina XDR (1290 x 2796 Pixels),128 GB,6.7,Bảo hành chính hãng điện thoại 1 năm tại các trung tâm bảo hành hãng Xem địa chỉ bảo hành,4.9,49 đánh giá,NaN
328449,https://www.thegioididong.com/dtdd/oppo-a3x-4gb-64gb,Điện thoại OPPO A3x 4GB/64GB,OPPO,3490000.0,NaN,"• Đã bán 22,9k",5100 mAh,5 MP,Chính 8 MP & Cảm biến Flicker,Adreno 610,Type-C,4 GB,HD+ (720 x 1604 Pixels),64 GB,6.67,Bảo hành chính hãng điện thoại 1 năm tại các trung tâm bảo hành hãng Xem địa chỉ bảo hành,4.9,53 đánh giá,"OPPO A3x 4GB/64GB không chỉ sở hữu thiết kế bền bỉ mà còn nổi bật với màn hình sáng rực rỡ, cùng sự mạnh mẽ từ chip Snapdragon đời mới. Với pin dung lượng 5100 mAh, khả năng kháng nước và sạc nhanh 45W, cộng thêm camera thông minh, thiết bị này sẵn sàng đáp ứng trọn vẹn mọi nhu cầu hằng ngày của bạn."
327258,https://www.thegioididong.com/dtdd/honor-x6b-6gb-128gb,Điện thoại HONOR X6b 6GB/128GB Tím,HONOR,3890000.0,NaN,"• Đã bán 22,9k",5200 mAh,5 MP,Chính 50 MP & Phụ 2 MP,Mali-G52 MC2,Type-C,6 GB,HD+ (720 x 1612 Pixels),128 GB,6.56,Bảo hành chính hãng điện thoại 18 tháng tại các trung tâm bảo hành hãng Xem địa chỉ bảo hành,4.9,8 đánh giá,"HONOR X6b 6GB/128GB Tím là chiếc điện thoại thông minh nổi bật trong phân khúc giá rẻ, với sự kết hợp giữa hiệu năng mạnh mẽ, camera AI 50 MP sắc nét và pin dung lượng lớn 5200 mAh. Thiết kế hiện đại cùng nhiều tính năng tiện ích giúp HONOR X6b mang lại trải nghiệm tuyệt vời cho người dùng."
335955,https://www.thegioididong.com/dtdd/samsung-galaxy-s25-edge-5g-512gb,Điện thoại Samsung Galaxy S25 Edge 5G 12GB/512GB,Samsung,33490000.0,NaN,• Đã bán 22k,NaN,NaN,NaN,NaN,NaN,NaN,NaN,NaN,NaN,NaN,4.9,NaN,NaN
334844,https://www.thegioididong.com/dtdd/xiaomi-15-ultra-trang,Điện thoại Xiaomi 15 Ultra 5G 16GB/512GB Trắng,Xiaomi,32990000.0,-5%,"• Đã bán 232,4k",5410 mAh,32 MP,"Chính 50 MP & Phụ 200 MP, 50 MP, 50 MP",Adreno 830,Type-C,16 GB,2K+ (1440 x 3200 Pixels),512 GB,6.73,Bảo hành chính hãng điện thoại 2 năm tại các trung tâm bảo hành hãng Xem địa chỉ bảo hành,4.9,NaN,"Trong những năm gần đây, dòng Ultra của Xiaomi đã trở thành biểu tượng của công nghệ tiên tiến và thiết kế cao cấp. Với sự thành công của phiên bản trước, Xiaomi 15 Ultra Trắng đã được kế thừa và nâng cấp về màn hình, hiệu năng và hệ thống camera."
329865,https://www.thegioididong.com/dtdd/tecno-spark-go-1,Điện thoại Tecno Spark GO 1 3GB/64GB,Tecno,1990000.0,-9%,"• Đã bán 24,3k",5000 mAh,8 MP,Chính 13 MP & Phụ AI,NaN,Type-C,3 GB,HD+ (720 x 1600 Pixels),64 GB,6.67,Bảo hành chính hãng điện thoại 13 tháng tại các trung tâm bảo hành hãng Xem địa chỉ bảo hành,4.9,38 đánh giá,"Tecno Spark GO 1 là chiếc smartphone nổi bật với màn hình lớn 6.67 inch, tần số quét 120 Hz, loa kép DTS mang đến âm thanh sống động và viên pin 5000 mAh bền bỉ. Với thiết kế tinh tế, kháng nước và bụi chuẩn IP54, cùng hiệu năng ổn định, sản phẩm này hứa hẹn đáp ứng nhu cầu sử dụng hàng ngày một cách mượt mà."
240259,https://www.thegioididong.com/dtdd/iphone-14,Điện thoại iPhone 14 128GB,iPhone (Apple),12690000.0,-29%,• Đã bán 243k,3279 mAh,12 MP,2 camera 12 MP,Apple GPU 5 nhân,Lightning,6 GB,Super Retina XDR (1170 x 2532 Pixels),128 GB,6.1,Bảo hành chính hãng điện thoại 1 năm tại các trung tâm bảo hành hãng Xem địa chỉ bảo hành,4.9,147 đánh giá,"iPhone 14 128GB được xem là mẫu smartphone bùng nổ của nhà táo trong năm 2022, ấn tượng với ngoại hình trẻ trung, màn hình chất lượng đi kèm với những cải tiến về hệ điều hành và thuật toán xử lý hình ảnh, giúp máy trở thành cái tên thu hút được đông đảo người dùng quan tâm tại thời điểm ra mắt."
336408,https://www.thegioididong.com/dtdd/vivo-v50-lite-5g,Điện thoại vivo V50 Lite 5G 8GB/256GB,vivo,9990000.0,NaN,• Đã bán 244,NaN,NaN,NaN,NaN,NaN,NaN,NaN,NaN,NaN,NaN,5,NaN,NaN
332234,https://www.thegioididong.com/dtdd/realme-c75-8gb-128gb,Điện thoại realme C75 8GB/128GB,realme,5690000.0,NaN,"• Đã bán 25,4k",6000 mAh,8 MP,Chính 50 MP & Cảm biến Flicker,Adreno 640,Type-C,8 GB,Full HD+ (1080 x 2400 Pixels),128 GB,6.72,Bảo hành chính hãng điện thoại 1 năm tại các trung tâm bảo hành hãng Xem địa chỉ bảo hành,4.9,20 đánh giá,"realme C75 là smartphone nổi bật với pin dung lượng lớn, màn hình 90 Hz mượt mà và chuẩn kháng nước, bụi IP69. Những tính năng này không chỉ giúp trải nghiệm sử dụng mượt mà, mà còn đảm bảo độ bền lâu dài, phù hợp cho người dùng yêu cầu sự bền bỉ và hiệu suất ổn định."
327254,https://www.thegioididong.com/dtdd/vivo-y18-4gb-128gb,Điện thoại vivo Y18 4GB/128GB,vivo,3990000.0,NaN,"• Đã bán 25,4k",5000 mAh,8 MP,Chính 50 MP & Phụ 0.08 MP,Mali-G52,Type-C,4 GB,HD+ (720 x 1612 Pixels),128 GB,6.56,Bảo hành chính hãng điện thoại 1 năm tại các trung tâm bảo hành hãng Xem địa chỉ bảo hành,4.9,2 đánh giá,"vivo Y18 4GB/128GB là một chiếc smartphone từ thương hiệu nổi tiếng, được tối ưu hóa để mang lại trải nghiệm tốt nhất cho người dùng. Với dung lượng pin lớn 5000 mAh và hiệu năng mượt mà, sản phẩm này sẽ đáp ứng nhu cầu của những người dùng khó tính."
311033,https://www.thegioididong.com/dtdd/nokia-105-4g-pro,Điện thoại Nokia 105 4G Pro,Nokia,680000.0,NaN,"• Đã bán 263,4k",1450 mAh,NaN,NaN,NaN,Micro USB,48 MB,QQVGA (120 x 160 Pixels),128 MB,1.77,Bảo hành chính hãng điện thoại 1 năm tại các trung tâm bảo hành hãng Xem địa chỉ bảo hành,4.9,57 đánh giá,"Đi cùng với sự phát triển của những chiếc điện thoại thông minh thì mẫu điện thoại “cục gạch” cũng được các nhà sản xuất trau chuốt. Và Nokia 105 4G Pro mẫu điện thoại phổ thông được Nokia cho ra mắt, máy mang một thiết kế đơn giản, dễ sử dụng, khả năng nghe gọi rõ ràng và thời gian sử dụng dài lâu."
323543,https://www.thegioididong.com/dtdd/oppo-a60-128gb,Điện thoại OPPO A60 8GB/128GB,OPPO,5490000.0,NaN,"• Đã bán 27,8k",5000 mAh,8 MP,Chính 50 MP & Phụ 2 MP,Adreno 610,Type-C,8 GB,HD+ (720 x 1604 Pixels),128 GB,6.67,Bảo hành chính hãng điện thoại 1 năm tại các trung tâm bảo hành hãng Xem địa chỉ bảo hành,4.9,81 đánh giá,"OPPO A60 là một chiếc điện thoại được OPPO ra mắt trong thời gian gần đây. Với thiết kế vượt trội, màn hình chất lượng và các tính năng ấn tượng, OPPO A60 hứa hẹn mang đến cho người dùng trải nghiệm sử dụng độc đáo và đáng nhớ."
329676,https://www.thegioididong.com/dtdd/nokia-hmd-105-4g,Điện thoại Nokia HMD 105 4G,Nokia,650000.0,NaN,"• Đã bán 279,5k",1450 mAh,NaN,NaN,NaN,Type-C,NaN,QQVGA (120 x 160 Pixels),128 MB,2.4,Bảo hành chính hãng điện thoại 1 năm tại các trung tâm bảo hành hãng Xem địa chỉ bảo hành,4.9,17 đánh giá,"Trong bối cảnh mạng 2G đang dần bị loại bỏ và nhiều người vẫn chưa quen với các smartphone hiện đại, Nokia HMD 105 4G chính là giải pháp hợp lý. Đây là chiếc điện thoại phổ thông, vừa giữ được sự quen thuộc với bàn phím T9 cổ điển, vừa hỗ trợ mạng 4G để đảm bảo kết nối thông suốt trong thời kỳ chuyển đổi số."
336623,https://www.thegioididong.com/dtdd/realme-14-5g,Điện thoại realme 14 5G 12GB/256GB,realme,10490000.0,NaN,"• Đã bán 28,7k",NaN,NaN,NaN,NaN,NaN,NaN,NaN,NaN,NaN,NaN,4.9,NaN,NaN
319665,https://www.thegioididong.com/dtdd/samsung-galaxy-s24-256gb-5g,Điện thoại Samsung Galaxy S24 5G 8GB/256GB,Samsung,15990000.0,-23%,"• Đã bán 29,4k",4000 mAh,12 MP,"Chính 50 MP & Phụ 12 MP, 10 MP",Xclipse 940,Type-C,8 GB,Full HD+ (1080 x 2340 Pixels),256 GB,6.2,Bảo hành chính hãng điện thoại 1 năm tại các trung tâm bảo hành hãng Xem địa chỉ bảo hành,4.9,51 đánh giá,"Trong sự kiện Unpacked 2024 diễn ra vào ngày 18/01, Samsung đã chính thức ra mắt chiếc điện thoại Samsung Galaxy S24. Sản phẩm này mang đến nhiều cải tiến độc đáo, bao gồm việc sử dụng chip mới của Samsung, tích hợp nhiều tính năng thông minh sử dụng trí tuệ nhân tạo và cải thiện đáng kể hiệu suất chụp ảnh từ hệ thống camera."
304608,https://www.thegioididong.com/dtdd/mobell-f309,Điện thoại Mobell F309 4G,Mobell,760000.0,NaN,"• Đã bán 29,7k",1600 mAh,NaN,0.08 MP,NaN,Micro USB,48 MB,QVGA (240 x 320 Pixels),128 MB,2.31,Bảo hành chính hãng điện thoại 1 năm tại các trung tâm bảo hành hãng Xem địa chỉ bảo hành,4.9,62 đánh giá,"Chiếc điện thoại Mobell F309 là sự lựa chọn phù hợp cho khách hàng đang tìm kiếm một thiết bị di động nhỏ gọn để liên lạc, hỗ trợ mạng di động 4G VoLTE và có thể sử dụng hai SIM nano giúp cho nhu cầu liên lạc bằng việc nghe gọi/nhắn tin được đáp ứng tốt."
325800,https://www.thegioididong.com/dtdd/xiaomi-redmi-13-6gb-128gb,Điện thoại Xiaomi Redmi 13 6GB/128GB,Xiaomi,4290000.0,NaN,• Đã bán 2k,5030 mAh,13 MP,Chính 108 MP & Phụ 2 MP,Mali-G52 MC2,Type-C,6 GB,Full HD+ (1080 x 2460 Pixels),128 GB,6.79,Bảo hành chính hãng điện thoại 18 tháng tại các trung tâm bảo hành hãng Xem địa chỉ bảo hành,4.9,89 đánh giá,"Xiaomi Redmi 13 6GB/128GB hứa hẹn sẽ là thiết bị smartphone giá rẻ gây bão tiếp theo của nhà Xiaomi với thiết kế mặt lưng kính cao cấp cùng bộ thông số ấn tượng như camera 108 MP, viên pin 5030 mAh, tần số quét 90 Hz, hiệu năng mạnh mẽ,... mang đến khả năng sử dụng hiệu quả cho người dùng với mức giá hợp lý."
322996,https://www.thegioididong.com/dtdd/vivo-y03,Điện thoại vivo Y03 4GB/128GB,vivo,3290000.0,NaN,• Đã bán 2k,5000 mAh,5 MP,Chính 13 MP & Phụ 0.08 MP,Mali-G52,Type-C,4 GB,HD+ (720 x 1612 Pixels),128 GB,6.56,Bảo hành chính hãng điện thoại 1 năm tại các trung tâm bảo hành hãng Xem địa chỉ bảo hành,5,15 đánh giá,"vivo Y03 tiếp tục là một mẫu điện thoại giá rẻ được vivo ra mắt tại thị trường Việt Nam. Sản phẩm lần này mang đến một diện mạo đẹp mắt hơn các phiên bản trước đó, tiếp đến là cấu hình nâng cấp cùng viên pin lớn 5000 mAh."
320731,https://www.thegioididong.com/dtdd/xiaomi-redmi-note-14-pro-plus,Điện thoại Xiaomi Redmi Note 14 Pro+ 5G 8GB/256GB,Xiaomi,10690000.0,NaN,"• Đã bán 3,4k",5110 mAh,20 MP,"Chính 200 MP & Phụ 8 MP, 2 MP",Đang cập nhật,Type-C,8 GB,1.5K (1220 x 2712 Pixels),256 GB,6.67,Bảo hành chính hãng điện thoại 18 tháng tại các trung tâm bảo hành hãng Xem địa chỉ bảo hành,4.9,22 đánh giá,"Xiaomi khởi đầu năm mới tại Việt Nam với Redmi Note 14 Series, nổi bật là Redmi Note 14 Pro Plus. Máy sở hữu màn hình 3000 nits, chip Snapdragon 7s Gen 3 mạnh mẽ và hệ thống tản nhiệt hiện đại, mang lại trải nghiệm ấn tượng cho cả làm việc lẫn giải trí."
332937,https://www.thegioididong.com/dtdd/oppo-reno13-pro-5g,Điện thoại OPPO Reno13 Pro 5G 12GB/512GB,OPPO,18490000.0,NaN,"• Đã bán 3,5k",5800 mAh,50 MP,"Chính 50 MP & Phụ 50 MP, 8 MP",Mali-G615,Type-C,12 GB,1.5K (1272 x 2800 Pixels),512 GB,6.83,Bảo hành chính hãng điện thoại 1 năm tại các trung tâm bảo hành hãng Xem địa chỉ bảo hành,4.9,8 đánh giá,"OPPO Reno13 Pro 5G một sản phẩm nổi bật mới của nhà OPPO, hướng đến người dùng yêu thích chụp ảnh và chơi game. Sở hữu nhiều tính năng chụp đa dạng cùng viên pin lớn và chip xử lý hiện đại, chiếc điện thoại này sẽ thu hút sự chú ý của người dùng ngay từ ánh nhìn đầu tiên."
281570,https://www.thegioididong.com/dtdd/iphone-15,Điện thoại iPhone 15 128GB,iPhone (Apple),15890000.0,-20%,"• Đã bán 3,7k",3349 mAh,12 MP,Chính 48 MP & Phụ 12 MP,Apple GPU 5 nhân,Type-C,6 GB,Super Retina XDR (1179 x 2556 Pixels),128 GB,6.1,Bảo hành chính hãng điện thoại 1 năm tại các trung tâm bảo hành hãng Xem địa chỉ bảo hành,4.9,69 đánh giá,NaN
302953,https://www.thegioididong.com/dtdd/oppo-find-n3,Điện thoại OPPO Find N3 5G 16GB/512GB,OPPO,30990000.0,-31%,"• Đã bán 3,8k",4805 mAh,Trong: 20 MP & Ngoài: 32 MP,"Chính 48 MP & Phụ 48 MP, 64 MP",Adreno 740,Type-C,16 GB,Chính: 2K+ (2268 x 2440 Pixels) & Phụ: FHD+ (1116 x 2484 Pixels),512 GB,Chính 7.82,Bảo hành chính hãng điện thoại 1 năm tại các trung tâm bảo hành hãng Xem địa chỉ bảo hành,4.9,NaN,"OPPO chính thức giới thiệu sản phẩm OPPO Find N3 5G, một chiếc điện thoại thông minh với thiết kế gập ngang hoàn toàn hiện đại và đẳng cấp, nổi bật với camera và hiệu năng đứng đầu. Đây là một bước đột phá của OPPO trong việc kết hợp sự tiện ích và thẩm mỹ tối ưu, đem lại trải nghiệm độc đáo cho người dùng."
335583,https://www.thegioididong.com/dtdd/xiaomi-redmi-note-14-5g,Điện thoại Xiaomi Redmi Note 14 5G 8GB/256GB,Xiaomi,7290000.0,NaN,"• Đã bán 3,9k",5110 mAh,20 MP,"Chính 108 MP & Phụ 8 MP, 2 MP",IMG BXM-8-256,Type-C,8 GB,Full HD+ (1080 x 2400 Pixels),256 GB,6.67,Bảo hành chính hãng điện thoại 18 tháng tại các trung tâm bảo hành hãng Xem địa chỉ bảo hành,4.9,1 đánh giá,"Xiaomi Redmi Note 14 5G là chiếc smartphone toàn diện với màn hình AMOLED 6.67 inch, tần số quét 120 Hz, vi xử lý MediaTek Dimensity 7025-Ultra và RAM 8 GB, đảm bảo hiệu năng mạnh mẽ. Camera chính 108 MP hỗ trợ OIS giúp chụp ảnh sắc nét, trong khi viên pin 5110 mAh cùng sạc nhanh 45W mang đến thời gian sử dụng bền bỉ."
329840,https://www.thegioididong.com/dtdd/itel-it9310,Điện thoại Itel it9310,Itel,560000.0,-13%,"• Đã bán 3,9k",2000 mAh,NaN,0.08 MP,NaN,Type-C,16 MB,Hãng không công bố,16 MB,3,Bảo hành chính hãng điện thoại 1 năm tại các trung tâm bảo hành hãng Xem địa chỉ bảo hành,4.9,19 đánh giá,"Itel it9310 là một mẫu điện thoại phổ thông nổi bật trong phân khúc giá rẻ. Điểm đặc biệt của chiếc máy này là khả năng kết nối mạng di động 4G, mang lại sự linh hoạt đáng kể cho người dùng cơ bản. Itel it9310 hướng đến những ai cần một thiết bị liên lạc đơn giản, bền bỉ nhưng vẫn đáp ứng nhu cầu kết nối hiện đại."
331512,https://www.thegioididong.com/dtdd/honor-x7c,Điện thoại HONOR X7c 8GB/256GB,HONOR,5290000.0,-3%,• Đã bán 30k,6000 mAh,8 MP,Chính 108 MP & Phụ 2 MP,Adreno 610,Type-C,8 GB,HD+ (720 x 1610 Pixels),256 GB,6.77,Bảo hành chính hãng điện thoại 18 tháng tại các trung tâm bảo hành hãng Xem địa chỉ bảo hành,4.9,10 đánh giá,"HONOR X7c là smartphone dành cho người dùng muốn sở hữu thiết bị bền bỉ, hiệu năng cao và thiết kế thanh lịch. Sản phẩm mang đến trải nghiệm tối ưu nhờ màn hình lớn, pin dung lượng cao, hiệu suất mạnh mẽ và khả năng chụp ảnh chất lượng cao, đáp ứng mọi nhu cầu sử dụng hằng ngày."
328752,https://www.thegioididong.com/dtdd/samsung-galaxy-a06-4gb-64gb,Điện thoại Samsung Galaxy A06 4GB/64GB,Samsung,3090000.0,-3%,"• Đã bán 32,5k",5000 mAh,8 MP,Chính 50 MP & Phụ 2 MP,Mali-G52,Type-C,4 GB,HD+ (720 x 1600 Pixels),64 GB,6.7,Bảo hành chính hãng điện thoại 1 năm tại các trung tâm bảo hành hãng Xem địa chỉ bảo hành,4.9,18 đánh giá,"Samsung Galaxy A06 4GB/64GB mang đến sự kết hợp hoàn hảo giữa thiết kế tinh tế, hiệu năng mạnh mẽ và bảo mật cao cấp. Với màn hình 6.7 inch, camera 50 MP, pin bền bỉ cùng nhiều cải tiến vượt trội, Galaxy A06 là lựa chọn lý tưởng cho mọi nhu cầu sử dụng hằng ngày."
333281,https://www.thegioididong.com/dtdd/realme-note-60x-4gb,Điện thoại realme Note 60x 4GB/64GB,realme,2990000.0,NaN,"• Đã bán 34,8k",5000 mAh,5 MP,8 MP,Mali-G57,Type-C,4 GB,HD+ (720 x 1600 Pixels),64 GB,6.74,Bảo hành chính hãng điện thoại 1 năm tại các trung tâm bảo hành hãng Xem địa chỉ bảo hành,4.9,2 đánh giá,"realme Note 60x 4GB là chiếc smartphone hoàn hảo với thiết kế bền bỉ, màn hình IPS LCD 90 Hz sắc nét, viên pin 5000 mAh kéo dài cả ngày và hiệu năng mạnh mẽ. Máy đáp ứng tốt cả công việc lẫn giải trí, phù hợp cho mọi nhu cầu sử dụng hàng ngày."
322877,https://www.thegioididong.com/dtdd/masstel-izi-t6,Điện thoại Masstel IZI T6 4G,Masstel,500000.0,NaN,"• Đã bán 35,1k",1800 mAh,NaN,NaN,NaN,Type-C,48 MB,QVGA (240 x 320 Pixels),128 MB,2.4,Bảo hành chính hãng điện thoại 1 năm tại các trung tâm bảo hành hãng Xem địa chỉ bảo hành,4.9,26 đánh giá,"Trong thời đại smartphone ngày càng trở nên phổ biến, Masstel IZI T6 4G như làn gió mới cho những ai mong muốn trở về với sự đơn giản, tiện ích trong sử dụng hằng ngày. Điện thoại là sự lựa chọn lý tưởng cho nhóm khách hàng có nhu cầu cơ bản như nghe gọi và nhắn tin, đặc biệt phù hợp với người lớn tuổi."
329330,https://www.thegioididong.com/dtdd/realme-note-60,Điện thoại realme Note 60 6GB/128GB,realme,3790000.0,NaN,"• Đã bán 36,4k",5000 mAh,5 MP,Chính 32 MP & Cảm biến Flicker,Mali-G57,Type-C,6 GB,HD+ (720 x 1600 Pixels),128 GB,6.745,Bảo hành chính hãng điện thoại 1 năm tại các trung tâm bảo hành hãng Xem địa chỉ bảo hành,4.9,1 đánh giá,"realme Note 60 là smartphone giá rẻ nổi bật với màn hình IPS LCD sắc nét, vi xử lý mạnh mẽ, pin bền bỉ và thiết kế hiện đại. Máy mang đến trải nghiệm mượt mà với nhiều tính năng đáp ứng tốt nhu cầu sử dụng hằng ngày của người dùng."
334968,https://www.thegioididong.com/dtdd/tecno-spark-30-5g,Điện thoại Tecno Spark 30 5G 6GB/128GB,Tecno,4090000.0,-8%,• Đã bán 362,5000 mAh,8 MP,Chính: 108 MP & Phụ: Cảm biến ánh sáng,Mali-G57,Type-C,6 GB,HD+ (720 x 1600 Pixels),128 GB,6.67,Bảo hành chính hãng điện thoại 13 tháng tại các trung tâm bảo hành hãng Xem địa chỉ bảo hành,4.9,NaN,"Tecno Spark 30 5G là mẫu điện thoại 5G đáng chú ý trong phân khúc giá rẻ, cung cấp hiệu năng ổn định và các tính năng giải trí phù hợp nhu cầu phổ thông. Thiết kế hiện đại, tốc độ xử lý mượt và mức giá hợp lý khiến thiết bị trở thành lựa chọn cân bằng cho người dùng không muốn đầu tư quá nhiều vào smartphone."
207956,https://www.thegioididong.com/dtdd/nokia-220-4g,Điện thoại Nokia 220 4G,Nokia,990000.0,NaN,"• Đã bán 38,8k",1450 mAh,NaN,NaN,NaN,Type-C,64 MB,QVGA (240 x 320 Pixels),128 MB,2.8,Bảo hành chính hãng điện thoại 1 năm tại các trung tâm bảo hành hãng Xem địa chỉ bảo hành,4.9,44 đánh giá,"Nokia 220 4G là chiếc điện thoại phổ thông có một thiết kế bền bỉ, nhẹ nhàng và hiện đại. Với màn hình 2.8 inch rõ nét, hỗ trợ 4G VoLTE cho chất lượng cuộc gọi cao, cùng nhiều tiện ích thông minh, đây chính là lựa chọn đáng giá cho mọi nhu cầu liên lạc hằng ngày."
321892,https://www.thegioididong.com/dtdd/oppo-reno12-5g-12gb-256gb-hong,Điện thoại OPPO Reno12 5G 12GB/256GB Hồng,OPPO,9190000.0,-29%,• Đã bán 398,5000 mAh,32 MP,"Chính 50 MP & Phụ 8 MP, 2 MP",Mali-G615,Type-C,12 GB,Full HD+ (1080 x 2412 Pixels),256 GB,6.7,Bảo hành chính hãng điện thoại 1 năm tại các trung tâm bảo hành hãng Xem địa chỉ bảo hành,5,7 đánh giá,"Với thiết kế trẻ trung, hiện đại hòa quyện cùng khả năng AI thông minh, OPPO Reno12 Hồng mang đến một hiệu năng mạnh mẽ đáng kinh ngạc. Những ai yêu thích sự đổi mới và muốn tận hưởng công nghệ tiên tiến chắc chắn sẽ không thể bỏ qua sản phẩm này."
332935,https://www.thegioididong.com/dtdd/oppo-reno13-f,Điện thoại OPPO Reno13 F 8GB/256GB,OPPO,8990000.0,NaN,"• Đã bán 4,1k",5800 mAh,32 MP,"Chính 50 MP & Phụ 8 MP, 2 MP",Mali-G57 MC2,Type-C,8 GB,Full HD+ (1080 x 2400 Pixels),256 GB,6.67,Bảo hành chính hãng điện thoại 1 năm tại các trung tâm bảo hành hãng Xem địa chỉ bảo hành,4.9,4 đánh giá,"OPPO Reno13 F nổi bật với thiết kế đẹp, chip MediaTek Helio G100 mạnh mẽ, màn hình AMOLED mượt và chuẩn kháng nước IP66, IP68, IP69. Máy tích hợp các tính năng AI, đáp ứng tốt nhu cầu công việc và giải trí hàng ngày."
334930,https://www.thegioididong.com/dtdd/samsung-galaxy-a36,Điện thoại Samsung Galaxy A36 5G 12GB/256GB,Samsung,9690000.0,-5%,"• Đã bán 4,2k",5000 mAh,12 MP,"Chính 50 MP & Phụ 8 MP, 5 MP",Adreno 710,Type-C,12 GB,Full HD+ (1080 x 2340 Pixels),256 GB,6.7,Bảo hành chính hãng điện thoại 1 năm tại các trung tâm bảo hành hãng Xem địa chỉ bảo hành,4.9,NaN,"Samsung Galaxy A36 là lựa chọn lý tưởng cho những ai tìm kiếm một smartphone mạnh mẽ và thiết kế sang trọng. Màn hình Super AMOLED 6.7 inch sắc nét, vi xử lý Snapdragon 6 Gen 3 mượt mà, cùng tính năng AI thông minh giúp bạn sử dụng hiệu quả và tiện lợi. Thiết kế nguyên khối với khung nhựa và mặt lưng kính mang đến cảm giác thoải mái suốt cả ngày."
334226,https://www.thegioididong.com/dtdd/vivo-y29-8gb-128gb,Điện thoại vivo Y29 8GB/128GB,vivo,6890000.0,NaN,"• Đã bán 4,2k",6500 mAh,8 MP,Chính 50 MP & Phụ 2 MP,Adreno 610,Type-C,8 GB,HD+ (720 x 1608 Pixels),128 GB,6.68,Bảo hành chính hãng điện thoại 1 năm tại các trung tâm bảo hành hãng Xem địa chỉ bảo hành,4.9,8 đánh giá,"vivo Y29 kết hợp thiết kế tinh tế, màn hình 120 Hz mượt mà, hiệu năng mạnh mẽ và AI thông minh, mang đến trải nghiệm tối ưu. Với chip Snapdragon 685, camera 50 MP, pin 6500 mAh và sạc nhanh 44W, máy đáp ứng mọi nhu cầu từ công việc đến giải trí."
333359,https://www.thegioididong.com/dtdd/samsung-galaxy-s25-plus,Điện thoại Samsung Galaxy S25 Plus 5G 12GB/256GB,Samsung,22190000.0,-17%,"• Đã bán 4,6k",4900 mAh,12 MP,"Chính 50 MP & Phụ 12 MP, 10 MP",Adreno 830,Type-C,12 GB,2K+ (1440 x 3120 Pixels),256 GB,6.7,Bảo hành chính hãng điện thoại 1 năm tại các trung tâm bảo hành hãng Xem địa chỉ bảo hành,4.9,NaN,"Samsung giới thiệu Samsung Galaxy S25 Plus tại sự kiện Unpacked 2025, một siêu phẩm công nghệ với thiết kế đột phá, cấu hình dẫn đầu và cải tiến toàn diện. Galaxy S25 Plus không chỉ đáp ứng mọi nhu cầu công việc, giải trí hay sáng tạo mà còn đặt ra chuẩn mực mới cho dòng smartphone cao cấp."
333770,https://www.thegioididong.com/dtdd/honor-x5b-plus,Điện thoại HONOR X5b Plus 4GB/128GB,HONOR,2790000.0,-6%,• Đã bán 40k,5200 mAh,5 MP,Chính 50 MP & Ống kính phụ,IMG PowerVR GE8320,Type-C,4 GB,HD+ (720 x 1612 Pixels),128 GB,6.56,Bảo hành chính hãng điện thoại 18 tháng tại các trung tâm bảo hành hãng Xem địa chỉ bảo hành,4.9,1 đánh giá,"HONOR X5b Plus nổi bật với màn hình 6.56 inch HD+ 90 Hz, chip Helio G36, RAM 4 GB (mở rộng 4 GB), bộ nhớ 128 GB và pin 5200 mAh. Thiết kế hiện đại và camera AI 50MP giúp sản phẩm đáp ứng mọi nhu cầu từ làm việc đến giải trí."
329940,https://www.thegioididong.com/dtdd/xiaomi-14t-pro-5g-12gb-256gb,Điện thoại Xiaomi 14T Pro 5G 12GB/256GB,Xiaomi,15990000.0,-5%,"• Đã bán 42,4k",5000 mAh,32 MP,"Chính 50 MP & Phụ 50 MP, 12 MP",ARM Immortalis-G720 MP12,Type-C,12 GB,1.5K (1220 x 2712 Pixels),256 GB,6.67,Bảo hành chính hãng điện thoại 2 năm tại các trung tâm bảo hành hãng Xem địa chỉ bảo hành,4.9,44 đánh giá,"Xiaomi 14T Pro là smartphone mới với sự hợp tác giữa Xiaomi và Leica, hứa hẹn mang đến ảnh sắc nét, nghệ thuật, kể cả trong điều kiện thiếu sáng. Thiết bị nổi bật với màn hình AI thế hệ mới, chip MediaTek Dimensity 9300+ mạnh mẽ và pin bền bỉ, mang lại trải nghiệm mượt mà cho người dùng."
314697,https://www.thegioididong.com/dtdd/mobell-m331,Điện thoại Mobell M331 4G,Mobell,550000.0,NaN,"• Đã bán 44,1k",1000 mAh,NaN,0.08 MP,NaN,Micro USB,48 MB,QVGA (240 x 320 Pixels),128 MB,2.4,Bảo hành chính hãng điện thoại 1 năm tại các trung tâm bảo hành hãng Xem địa chỉ bảo hành,4.9,28 đánh giá,"Mobell M331 chiếc điện thoại phổ thông mới nhất được hãng Mobell tung ra thị trường vào nửa cuối năm 2023. Chiếc điện thoại sẽ phù hợp cho những bạn đang tìm kiếm một sản phẩm với thiết kế nhỏ gọn, âm thanh nghe gọi to rõ và một viên pin trâu."
313306,https://www.thegioididong.com/dtdd/honor-x5-plus,Điện thoại HONOR X5 Plus 4GB/64GB,HONOR,2490000.0,NaN,"• Đã bán 44,2k",5200 mAh,5 MP,Chính 50 MP & Phụ 2 MP,IMG PowerVR GE8320,Type-C,4 GB,HD+ (720 x 1612 Pixels),64 GB,6.56,Bảo hành chính hãng điện thoại 18 tháng tại các trung tâm bảo hành hãng Xem địa chỉ bảo hành,4.9,18 đánh giá,"HONOR X5 Plus chính là sự trở lại đầy mạnh mẽ của thương hiệu Honor trên thị trường Việt Nam. Sản phẩm lần này thu hút sự chú ý nhờ viên pin lớn 5200 mAh, camera 50 MP và có giá bán phải chăng phù hợp cho nhiều đối tượng người dùng."
288630,https://www.thegioididong.com/dtdd/mobell-m539,Điện thoại Mobell M539,Mobell,700000.0,NaN,"• Đã bán 44,6k",2000 mAh,NaN,0.08 MP,NaN,Micro USB,48 MB,QVGA (240 x 320 Pixels),128 MB,2.8,Bảo hành chính hãng điện thoại 1 năm tại các trung tâm bảo hành hãng Xem địa chỉ bảo hành,4.9,109 đánh giá,Mobell M539 - chiếc điện thoại phổ thông vừa được ra mắt phù hợp cho ai đang tìm kiếm cho mình một thiết bị nhỏ gọn phục vụ tốt trong việc liên lạc bởi máy có hỗ trợ mạng di động 4G VoLTE cùng khả năng trang bị 2 nano SIM.
331207,https://www.thegioididong.com/dtdd/samsung-galaxy-a16-8gb-128gb,Điện thoại Samsung Galaxy A16 8GB/128GB,Samsung,5390000.0,NaN,"• Đã bán 45,6k",5000 mAh,13 MP,"Chính 50 MP & Phụ 5 MP, 2 MP",Mali-G57,Type-C,8 GB,Full HD+ (1080 x 2340 Pixels),128 GB,6.7,Bảo hành chính hãng điện thoại 1 năm tại các trung tâm bảo hành hãng Xem địa chỉ bảo hành,4.9,24 đánh giá,"Samsung Galaxy A16 8GB/128GB là chiếc smartphone vừa đẹp vừa mạnh, phù hợp cho mọi nhu cầu từ giải trí đến công việc. Với thiết kế nhỏ gọn, hiện đại, màn hình lớn, camera rõ nét và pin bền, Galaxy A16 sẽ luôn bên bạn trong các hoạt động hằng ngày, đáp ứng tốt cả khi bạn cần giải trí hay làm việc."
331985,https://www.thegioididong.com/dtdd/vivo-v40-5g,Điện thoại vivo V40 5G 12GB/256GB,vivo,12990000.0,NaN,"• Đã bán 46,1k",5500 mAh,50 MP,2 camera 50 MP,Adreno 720,Type-C,12 GB,1.5K (1260 x 2800 Pixels),256 GB,6.78,Bảo hành chính hãng điện thoại 1 năm tại các trung tâm bảo hành hãng Xem địa chỉ bảo hành,4.9,16 đánh giá,"vivo V40 5G nổi bật với hệ thống camera chất lượng, cho khả năng chụp ảnh ấn tượng ngay cả trong điều kiện thiếu sáng. Đi kèm với viên pin 5500 mAh bền bỉ, màn hình sắc nét và chip xử lý hiệu quả, máy mang đến một trải nghiệm mượt mà."
334168,https://www.thegioididong.com/dtdd/oppo-find-x8-hong,Điện thoại OPPO Find X8 5G 16GB/512GB Hồng,OPPO,21990000.0,-4%,• Đã bán 476,5630 mAh,32 MP,3 camera 50 MP,ARM Immortalis G925 MC12,Type-C,16 GB,1.5K+ (1256 x 2760 Pixels),512 GB,6.59,Bảo hành chính hãng điện thoại 2 năm tại các trung tâm bảo hành hãng Xem địa chỉ bảo hành,5,2 đánh giá,"OPPO Find X8 5G 16GB/512GB Hồng có thiết kế khung nhôm nhẹ, bo cong tinh tế và chỉ nặng 193 gram. Máy trang bị màn hình 6.59 inch, tần số quét 120 Hz, độ sáng 1600 nits giúp hiển thị sắc nét. Với chuẩn kháng nước IP69 và pin 5630 mAh bền bỉ, đây là lựa chọn lý tưởng cho mọi nhu cầu."
284122,https://www.thegioididong.com/dtdd/mobell-m239,Điện thoại Mobell M239 4G,Mobell,460000.0,-8%,"• Đã bán 48,5k",1000 mAh,NaN,0.08 MP,NaN,Micro USB,48 MB,QQVGA (128 x 160 Pixels),128 MB,1.77,Bảo hành chính hãng điện thoại 1 năm tại các trung tâm bảo hành hãng Xem địa chỉ bảo hành,4.9,172 đánh giá,"Mobell chính thức trình làng điện thoại phổ thông Mobell M239, mang ưu điểm với một thiết kế gọn gàng và màu sắc trẻ trung."
334970,https://www.thegioididong.com/dtdd/tecno-spark-30c,Điện thoại Tecno Spark 30C 6GB/128GB,Tecno,2990000.0,-9%,"• Đã bán 49,2k",5000 mAh,8 MP,48 MP,Mali-G52 MC2,Type-C,6 GB,HD+ (720 x 1600 Pixels),128 GB,6.67,Bảo hành chính hãng điện thoại 13 tháng tại các trung tâm bảo hành hãng Xem địa chỉ bảo hành,4.9,2 đánh giá,"Tecno Spark 30C mang đến sự kết hợp ấn tượng giữa thiết kế màn hình lớn, camera rõ nét, hiệu năng ổn định và dung lượng lưu trữ vừa đủ. Đây là một lựa chọn đáng cân nhắc cho những ai đang tìm kiếm một chiếc smartphone đáp ứng tốt các nhu cầu hàng ngày như học tập, làm việc và giải trí cơ bản."
329008,https://www.thegioididong.com/dtdd/xiaomi-redmi-14c-6gb-128gb,Điện thoại Xiaomi Redmi 14C 6GB/128GB,Xiaomi,3690000.0,NaN,• Đã bán 490,5160 mAh,13 MP,Chính 50 MP & Phụ QVGA,Mali-G52 MC2,Type-C,6 GB,HD+ (720 x 1640 Pixels),128 GB,6.88,Bảo hành chính hãng điện thoại 18 tháng tại các trung tâm bảo hành hãng Xem địa chỉ bảo hành,5,16 đánh giá,"Xiaomi Redmi 14C là lựa chọn hoàn hảo trong phân khúc tầm trung, nổi bật với màn hình sắc nét, hiệu năng mạnh mẽ, thiết kế hiện đại và hệ thống camera linh hoạt. Với dung lượng pin lớn và khả năng sạc nhanh, sản phẩm này đáp ứng tốt nhu cầu sử dụng hằng ngày, mang đến trải nghiệm vượt trội cho người dùng."
319214,https://www.thegioididong.com/dtdd/vivo-v30,Điện thoại vivo V30 5G 12GB/512GB,vivo,12790000.0,-8%,• Đã bán 4k,5000 mAh,50 MP,Chính 50 MP & Phụ 50 MP,Adreno 720,Type-C,12 GB,1.5K (1260 x 2800 Pixels),512 GB,6.78,Bảo hành chính hãng điện thoại 1 năm tại các trung tâm bảo hành hãng Xem địa chỉ bảo hành,4.9,16 đánh giá,"vivo V30 kết hợp thiết kế sang trọng, hiệu suất vượt trội và hệ thống camera đỉnh cao, mang đến trải nghiệm người dùng toàn diện. Với nhiều tính năng tiên tiến và thiết kế tinh tế, vivo V30 5G không chỉ đáp ứng nhu cầu công nghệ hằng ngày mà còn nâng tầm phong cách và tiện nghi cho người dùng."
311034,https://www.thegioididong.com/dtdd/nokia-110-4g-pro,Điện thoại Nokia 110 4G Pro,Nokia,750000.0,NaN,• Đã bán 4k,1450 mAh,NaN,QVGA (320 x 240 pixels),NaN,Micro USB,48 MB,QQVGA (120 x 160 Pixels),128 MB,1.77,Bảo hành chính hãng điện thoại 1 năm tại các trung tâm bảo hành hãng Xem địa chỉ bảo hành,4.9,34 đánh giá,"Nokia 110 4G Pro là một chiếc điện thoại phổ thông nổi bật, được thiết kế tinh tế và sang trọng. Điện thoại cho khả năng bền bỉ trong thời gian dài khiến bạn cảm thấy yên tâm khi sử dụng. Với việc hỗ trợ công nghệ 4G VoLTE, bạn có thể thực hiện cuộc gọi một cách nhanh chóng và ổn định hơn."
324893,https://www.thegioididong.com/dtdd/honor-x8b,Điện thoại HONOR X8b 8GB/512GB,HONOR,7690000.0,NaN,"• Đã bán 5,6k",4500 mAh,50 MP,"Chính 108 MP & Phụ 5 MP, 2 MP",Adreno 610,Type-C,8 GB,Full HD+ (1080 x 2412 Pixels),512 GB,6.7,Bảo hành chính hãng điện thoại 18 tháng tại các trung tâm bảo hành hãng Xem địa chỉ bảo hành,4.9,57 đánh giá,"Trên thị trường điện thoại thông minh, HONOR tiếp tục khẳng định vị thế của mình với việc giới thiệu HONOR X8b, một thiết bị không chỉ tuân theo xu hướng thiết kế hiện đại mà còn cung cấp những tính năng nổi bật phục vụ mọi nhu cầu của người dùng."
299998,https://www.thegioididong.com/dtdd/mobell-f209,Điện thoại Mobell F209,Mobell,620000.0,NaN,"• Đã bán 5,9k",1500 mAh,NaN,NaN,NaN,Micro USB,48 MB,QVGA (176 x 220 Pixels),128 MB,2,Bảo hành chính hãng điện thoại 1 năm tại các trung tâm bảo hành hãng Xem địa chỉ bảo hành,4.9,49 đánh giá,"Bên cạnh sự chạy đua về công nghệ trên những mẫu smartphone, thì đâu đó trên thị trường vẫn còn sót lại một vài hãng còn tiếp tục cải tiến và sản xuất những mẫu điện thoại phổ thông với mục tiêu đáp ứng nhu cầu sử dụng cơ bản. Nổi trội trong đó có thể kể đến chiếc Mobell F209 với màn hình to rõ, viên pin lớn cùng công nghệ mạng di động 4G VoLTE."
337741,https://www.thegioididong.com/dtdd/realme-c71,Điện thoại realme C71 4GB/128GB,realme,0,NaN,• Đã bán 512,NaN,NaN,NaN,NaN,NaN,NaN,NaN,NaN,NaN,NaN,4.9,NaN,NaN
326477,https://www.thegioididong.com/dtdd/nokia-3210-4g,Điện thoại Nokia 3210 4G,Nokia,1590000.0,NaN,"• Đã bán 53,5k",1450 mAh,NaN,2 MP,NaN,Type-C,64 MB,QVGA (240 x 320 Pixels),128 MB,2.4,Bảo hành chính hãng điện thoại 1 năm tại các trung tâm bảo hành hãng Xem địa chỉ bảo hành,4.9,20 đánh giá,"Nokia 3210 4G, một biểu tượng trường tồn của hãng Nokia, nay trở lại với vẻ ngoài cải tiến và công nghệ hiện đại. Đây là sự kết hợp giữa thiết kế hoài cổ và những tính năng tiên tiến, đáp ứng mọi nhu cầu cơ bản của người dùng."
321772,https://www.thegioididong.com/dtdd/samsung-galaxy-a35-5g,Điện thoại Samsung Galaxy A35 5G 8GB/256GB,Samsung,8190000.0,-11%,• Đã bán 534,5000 mAh,13 MP,"Chính 50 MP & Phụ 8 MP, 5 MP",Mali-G68 MP5,Type-C,8 GB,Full HD+ (1080 x 2340 Pixels),256 GB,6.6,Bảo hành chính hãng điện thoại 1 năm tại các trung tâm bảo hành hãng Xem địa chỉ bảo hành,5,79 đánh giá,"Samsung Galaxy A35 5G là một trong những dòng điện thoại thông minh tầm trung đáng chú ý của Samsung. Máy sở hữu cho mình một hiệu suất mạnh mẽ, màn hình sắc nét và viên pin lớn, chiếc điện thoại hứa hẹn mang đến trải nghiệm đa dạng và tuyệt vời cho người dùng."
323546,https://www.thegioididong.com/dtdd/masstel-fami-50,Điện thoại Masstel Fami 50 4G,Masstel,600000.0,NaN,"• Đã bán 54,7k",1750 mAh,NaN,NaN,NaN,Type-C,48 MB,QQVGA (128 x 160 Pixels),128 MB,2,Bảo hành chính hãng điện thoại 1 năm tại các trung tâm bảo hành hãng Xem địa chỉ bảo hành,4.9,7 đánh giá,"Bạn đang tìm kiếm một chiếc điện thoại cơ bản, dễ sử dụng, tập trung vào nhu cầu nghe và gọi là chủ yếu. Và Masstel Fami 50 4G tỏa sáng như một lựa chọn đơn giản nhưng mạnh mẽ, thực sự phù hợp với người lớn tuổi hoặc những ai muốn sở hữu một chiếc điện thoại phụ cho nhu cầu nghe gọi."
334864,https://www.thegioididong.com/dtdd/iphone-16e,Điện thoại iPhone 16e 128GB,iPhone (Apple),16190000.0,-4%,"• Đã bán 56,1k",26 giờ,12 MP,48 MP,Apple GPU 4 nhân,Type-C,8 GB,Super Retina XDR (1170 x 2532 Pixels),128 GB,6.1,Bảo hành chính hãng điện thoại 1 năm tại các trung tâm bảo hành hãng Xem địa chỉ bảo hành,4.9,3 đánh giá,NaN
327192,https://www.thegioididong.com/dtdd/oppo-reno12-5g-12gb-512gb,Điện thoại OPPO Reno12 5G 12GB/512GB,OPPO,11990000.0,-14%,"• Đã bán 56,1k",5000 mAh,32 MP,"Chính 50 MP & Phụ 8 MP, 2 MP",Mali-G615,Type-C,12 GB,Full HD+ (1080 x 2412 Pixels),512 GB,6.7,Bảo hành chính hãng điện thoại 1 năm tại các trung tâm bảo hành hãng Xem địa chỉ bảo hành,4.9,29 đánh giá,"Với sự hòa quyện tinh tế giữa thiết kế trẻ trung, hiện đại và khả năng AI thông minh, OPPO Reno12 512GB mang đến một hiệu năng mạnh mẽ đáng kinh ngạc. Đối với những ai yêu thích sự đổi mới và muốn trải nghiệm công nghệ tiên tiến, Reno12 chắc chắn là lựa chọn khó có thể bỏ qua."
307174,https://www.thegioididong.com/dtdd/samsung-galaxy-s24-ultra-5g,Điện thoại Samsung Galaxy S24 Ultra 5G 12GB/256GB,Samsung,23390000.0,-22%,"• Đã bán 57,7k",5000 mAh,12 MP,"Chính 200 MP & Phụ 50 MP, 12 MP, 10 MP",Adreno 750,Type-C,12 GB,2K+ (1440 x 3120 Pixels),256 GB,6.8,Bảo hành chính hãng điện thoại 1 năm tại các trung tâm bảo hành hãng Xem địa chỉ bảo hành,4.9,139 đánh giá,"Samsung Galaxy S24 Ultra mẫu điện thoại cao cấp được ra mắt vào đầu năm 2024, sản phẩm tiếp tục kế thừa và cải tiến từ thế hệ trước. Điểm đặc biệt là sử dụng chip Snapdragon 8 Gen 3 for Galaxy, camera 200 MP và tích hợp nhiều tính năng AI."
322124,https://www.thegioididong.com/dtdd/oppo-reno12-pro,Điện thoại OPPO Reno12 Pro 5G 12GB/512GB,OPPO,15990000.0,-15%,• Đã bán 575,5000 mAh,50 MP,"Chính 50 MP & Phụ 50 MP, 8 MP",Mali-G615,Type-C,12 GB,Full HD+ (1080 x 2412 Pixels),512 GB,6.7,Bảo hành chính hãng điện thoại 1 năm tại các trung tâm bảo hành hãng Xem địa chỉ bảo hành,5,5 đánh giá,"Sở hữu hiệu suất AI ấn tượng cùng các tiện ích tiện lợi cho người dùng hiện nay, OPPO Reno12 Pro mang đến vẻ ngoài đẹp mắt cùng viên pin “trâu” 5000 mAh và khả năng sạc siêu nhanh 80W, máy phục vụ người dùng sử dụng liên tục trong mọi hoạt động hằng ngày."
335792,https://www.thegioididong.com/dtdd/honor-x8c,Điện thoại HONOR X8c 8GB/256GB,HONOR,6690000.0,-4%,• Đã bán 576,NaN,NaN,NaN,NaN,NaN,NaN,NaN,NaN,NaN,Bảo hành chính hãng điện thoại 18 tháng tại các trung tâm bảo hành hãng Xem địa chỉ bảo hành,4.9,2 đánh giá,NaN
321434,https://www.thegioididong.com/dtdd/realme-note-50-64gb,Điện thoại realme Note 50 3GB/64GB,realme,2490000.0,NaN,• Đã bán 5k,5000 mAh,5 MP,Chính 13 MP & Phụ 0.08 MP,Mali-G57,Type-C,3 GB,HD+ (720 x 1600 Pixels),64 GB,6.74,Bảo hành chính hãng điện thoại 1 năm tại các trung tâm bảo hành hãng Xem địa chỉ bảo hành,4.9,33 đánh giá,"realme Note 50 64GB tiếp tục thu hút sự chú ý nhờ vào mức giá nổi bật và hấp dẫn của mình. Mặc dù nằm trong phân khúc giá thấp, sản phẩm này vẫn mang đến nhiều công nghệ ấn tượng, tạo nên sự đáng chú ý khi trang bị màn hình lớn 6.74 inch, pin 5000 mAh và đạt chuẩn IP54."
302197,https://www.thegioididong.com/dtdd/vivo-y100,Điện thoại vivo Y100 8GB/256GB,vivo,6690000.0,-13%,• Đã bán 6,5000 mAh,8 MP,"Chính 50 MP & Phụ 2 MP, Flicker",Adreno 610,Type-C,8 GB,Full HD+ (1080 x 2400 Pixels),256 GB,6.67,Bảo hành chính hãng điện thoại 18 tháng tại các trung tâm bảo hành hãng Xem địa chỉ bảo hành,5,17 đánh giá,"vivo Y100 mẫu điện thoại tầm trung với nhiều nâng cấp đáng giá, được vivo giới thiệu tại thị trường Việt Nam. Lần ra mắt này hãng đem đến một sản phẩm với thiết kế đẹp mắt, màn hình sắc nét và hiệu năng ổn định với nhiều tác vụ, hứa hẹn đem đến cho bạn trải nghiệm di động đỉnh cao."
333480,https://www.thegioididong.com/dtdd/honor-x9c-smart,Điện thoại HONOR X9c Smart 5G 12GB/256GB,HONOR,7790000.0,NaN,"• Đã bán 6,9k",5800 mAh,16 MP,Chính 108 MP & Phụ 5 MP,IMG BXM-8-256,Type-C,12 GB,Full HD+ (1080 x 2412 Pixels),256 GB,6.8,Bảo hành chính hãng điện thoại 18 tháng tại các trung tâm bảo hành hãng Xem địa chỉ bảo hành,4.9,9 đánh giá,"HONOR X9c Smart 5G là sản phẩm tầm trung của HONOR, nổi bật với khả năng kháng nước ba lớp, chống trầy xước đạt chứng nhận SGS. Máy trang bị pin 5800 mAh, chip xử lý mượt mà và camera 108 MP sắc nét, mang đến sự bền bỉ và hiệu suất ấn tượng."
311354,https://www.thegioididong.com/dtdd/oppo-a58-4g,Điện thoại OPPO A58 8GB/128GB,OPPO,5390000.0,NaN,"• Đã bán 6,9k",5000 mAh,8 MP,Chính 50 MP & Phụ 2 MP,Mali-G52 MP2,Type-C,8 GB,Full HD+ (1080 x 2412 Pixels),128 GB,6.72,Bảo hành chính hãng điện thoại 1 năm tại các trung tâm bảo hành hãng Xem địa chỉ bảo hành,4.9,84 đánh giá,"Thị trường điện thoại di động ngày nay, OPPO A58 8GB là một trong những sản phẩm nổi bật với thiết kế vuông vức và hiện đại. Được thiết kế với mục tiêu tối ưu hóa trải nghiệm người dùng, chiếc điện thoại này mang đến một loạt tính năng ấn tượng trong một thiết kế thon gọn và nhẹ nhàng."
329959,https://www.thegioididong.com/dtdd/vivo-v40-lite-8gb-256gb,Điện thoại vivo V40 Lite 8GB/256GB,vivo,8490000.0,NaN,• Đã bán 67k,5000 mAh,32 MP,Chính 50 MP & Phụ 2 MP,Adreno 610,Type-C,8 GB,Full HD+ (1080 x 2400 Pixels),256 GB,6.67,Bảo hành chính hãng điện thoại 1 năm tại các trung tâm bảo hành hãng Xem địa chỉ bảo hành,4.9,21 đánh giá,"vivo V40 Lite là chiếc điện thoại mới được thiết kế dành cho những ai yêu thích sự thanh lịch nhưng vẫn đòi hỏi hiệu năng mạnh mẽ và tính năng thông minh. Với khả năng sạc siêu tốc, camera sắc nét và màn hình ấn tượng, sản phẩm hứa hẹn mang đến trải nghiệm công nghệ toàn diện, đáp ứng mọi nhu cầu của người dùng hiện đại."
325136,https://www.thegioididong.com/dtdd/vivo-v30e-12gb,Điện thoại vivo V30e 5G 12GB/256GB,vivo,8490000.0,-19%,"• Đã bán 68,6k",5500 mAh,32 MP,Chính 50 MP & Phụ 8 MP,Adreno 710,Type-C,12 GB,Full HD+ (1080 x 2400 Pixels),256 GB,6.78,Bảo hành chính hãng điện thoại 2 năm tại các trung tâm bảo hành hãng Xem địa chỉ bảo hành,4.9,11 đánh giá,"vivo V30e là điểm nhấn trong thị trường smartphone với sự kết hợp hoàn hảo giữa thiết kế độc đáo, hiệu năng mạnh mẽ và camera chất lượng. Từ màu sắc hấp dẫn, màn hình ấn tượng đến pin bền bỉ, máy đáp ứng đầy đủ nhu cầu của người dùng hiện đại."
317981,https://www.thegioididong.com/dtdd/oppo-find-n3-flip-hong,Điện thoại OPPO Find N3 Flip 5G 12GB/256GB Hồng,OPPO,16490000.0,-28%,"• Đã bán 7,3k",4300 mAh,32 MP,"Chính 50 MP & Phụ 48 MP, 32 MP",Immortalis-G715 MC11,Type-C,12 GB,Chính: FHD+ (1080 x 2520 Pixels) & Phụ: SD (382 x 720 Pixels),256 GB,Chính 6.8,Bảo hành chính hãng điện thoại 1 năm tại các trung tâm bảo hành hãng Xem địa chỉ bảo hành,4.9,8 đánh giá,"OPPO Find N3 Flip 5G Hồng được OPPO cho ra mắt chính thức tại thị trường Việt Nam vào tháng 10/2023. Sản phẩm được hãng đầu tư mạnh mẽ về camera với độ phân giải lên đến 50 MP, cấu hình sử dụng chip Dimensity 9200 5G và thiết kế được thay đổi với bản lề gập mở tốt hơn cùng màu hồng sang trọng và nữ tính."
319466,https://www.thegioididong.com/dtdd/realme-12,Điện thoại realme 12 8GB/256GB,realme,7990000.0,NaN,"• Đã bán 7,8k",5000 mAh,16 MP,Chính 50 MP & Phụ 2 MP,Adreno 610,Type-C,8 GB,Full HD+ (1080 x 2400 Pixels),256 GB,6.67,Bảo hành chính hãng điện thoại 1 năm tại các trung tâm bảo hành hãng Xem địa chỉ bảo hành,4.9,8 đánh giá,"realme 12 kết hợp giữa thiết kế đẹp và công nghệ hiện đại. Điện thoại có camera tròn lạ mắt, màn hình 120 Hz mượt mà, chip Snapdragon 685 mạnh mẽ, cùng với pin 5000 mAh và sạc nhanh 67W, mang đến trải nghiệm hoàn hảo cả về hiệu suất và ngoại hình."
333147,https://www.thegioididong.com/dtdd/xiaomi-redmi-note-14-8gb-128gb,Điện thoại Xiaomi Redmi Note 14 8GB/128GB,Xiaomi,5490000.0,NaN,"• Đã bán 70,2k",5500 mAh,20 MP,"Chính 108 MP & Phụ 2 MP, 2 MP",Mali-G57 MC2,Type-C,8 GB,Full HD+ (1080 x 2400 Pixels),128 GB,6.67,Bảo hành chính hãng điện thoại 18 tháng tại các trung tâm bảo hành hãng Xem địa chỉ bảo hành,4.9,44 đánh giá,"Redmi Note 14 128GB là sự lựa chọn đáng cân nhắc trong phân khúc smartphone tầm trung. Thiết bị được trang bị chip MediaTek cải tiến, cùng 8 GB RAM và pin dung lượng 5500 mAh, mang đến hiệu suất mượt mà, thời gian sử dụng dài lâu và trải nghiệm tối ưu cho người dùng trong các tác vụ hàng ngày."
329839,https://www.thegioididong.com/dtdd/itel-it9211,Điện thoại Itel it9211,Itel,430000.0,-12%,"• Đã bán 70,2k",1000 mAh,NaN,0.08 MP,NaN,Type-C,NaN,NaN,NaN,2.4,Bảo hành chính hãng điện thoại 1 năm tại các trung tâm bảo hành hãng Xem địa chỉ bảo hành,4.9,5 đánh giá,"Itel it9211 là chiếc điện thoại phổ thông mang đến sự tiện lợi và bền bỉ. Với thiết kế pin rời, màn hình vừa đủ và hỗ trợ kết nối 4G, sản phẩm này đáp ứng nhu cầu cơ bản của người dùng, đặc biệt là những ai chưa quen với smartphone."
329938,https://www.thegioididong.com/dtdd/xiaomi-14t-5g,Điện thoại Xiaomi 14T 5G 12GB/256GB,Xiaomi,11490000.0,-11%,"• Đã bán 8,6k",5000 mAh,32 MP,"Chính 50 MP & Phụ 50 MP, 12 MP",Mali-G615,Type-C,12 GB,1.5K (1220 x 2712 Pixels),256 GB,6.67,Bảo hành chính hãng điện thoại 2 năm tại các trung tâm bảo hành hãng Xem địa chỉ bảo hành,4.9,88 đánh giá,"Xiaomi 14T được hoàn thiện với sự hợp tác giữa Xiaomi và Leica - thương hiệu máy ảnh danh tiếng từ Đức. Sự kết hợp này hứa hẹn mang đến những bức ảnh sắc nét, giàu tính nghệ thuật, ngay cả trong điều kiện ánh sáng yếu. Máy nổi bật với nhiều tính năng AI thế hệ mới, chip MediaTek Ultra mạnh mẽ, pin bền bỉ, mang lại trải nghiệm toàn diện và mượt mà."
332936,https://www.thegioididong.com/dtdd/oppo-reno13-f-5g,Điện thoại OPPO Reno13 F 5G 8GB/256GB,OPPO,9990000.0,NaN,"• Đã bán 81,1k",5800 mAh,32 MP,"Chính 50 MP & Phụ 8 MP, 2 MP",Adreno 710,Type-C,8 GB,Full HD+ (1080 x 2400 Pixels),256 GB,6.67,Bảo hành chính hãng điện thoại 1 năm tại các trung tâm bảo hành hãng Xem địa chỉ bảo hành,4.9,44 đánh giá,"OPPO Reno13 F 5G, một thành viên mới toanh của nhà OPPO đã đổ bộ đến Việt Nam. Sở hữu khả năng kháng nước cao, chip Snapdragon mạnh mẽ, dung lượng pin lớn cùng các tính năng AI tiện ích và thiết kế đẹp mắt, tất cả sẽ mang đến cho người dùng yêu thích chụp ảnh hoặc thường xuyên đi du lịch có một người bạn đồng hành đúng điệu."
265311,https://www.thegioididong.com/dtdd/masstel-izi-10,Điện thoại Masstel IZI 10,Masstel,410000.0,NaN,"• Đã bán 82,1k",1000 mAh,NaN,NaN,NaN,Micro USB,48 MB,QQVGA (128 x 160 Pixels),128 MB,1.77,Bảo hành chính hãng điện thoại 1 năm tại các trung tâm bảo hành hãng Xem địa chỉ bảo hành,4.9,277 đánh giá,"Masstel IZI 10 4G là 1 phiên bản ""cục gạch"" khác của nhà Masstel có tích hợp 4G mang lại trải nghiệm nghe gọi cực tốt, cùng thiết kế thân thiện dễ dùng, có hỗ trợ khe cắm thẻ nhớ và dung lượng pin tốt, rất đáng lựa chọn."
324994,https://www.thegioididong.com/dtdd/tcl-406s,Điện thoại TCL 406s 4GB/64GB,TCL,1890000.0,-13%,• Đã bán 84k,5000 mAh,5 MP,Chính 13 MP & Phụ 2 MP,IMG PowerVR GE8320,Type-C,4 GB,HD+ (720 x 1612 Pixels),64 GB,6.6,Bảo hành chính hãng điện thoại 18 tháng tại các trung tâm bảo hành hãng Xem địa chỉ bảo hành,4.9,13 đánh giá,"Trong thế giới điện thoại di động ngày nay, tìm một chiếc smartphone vừa túi tiền nhưng vẫn chất lượng không phải là điều dễ dàng. TCL 406s, một lựa chọn mới nổi hứa hẹn sẽ thay đổi suy nghĩ đó với những tính năng ấn tượng không kém cạnh bất kỳ chiếc điện thoại cao cấp nào."
330485,https://www.thegioididong.com/dtdd/benco-4g-g3,Điện thoại Benco 4G G3,Benco,380000.0,NaN,"• Đã bán 85,5k",1000 mAh,NaN,NaN,NaN,Micro USB,NaN,QQVGA (128 x 160 Pixels),NaN,1.77,Bảo hành chính hãng điện thoại 1 năm tại các trung tâm bảo hành hãng Xem địa chỉ bảo hành,4.9,4 đánh giá,"Benco 4G G3 là điện thoại phổ thông gọn nhẹ, dễ dùng. Máy có màn hình 1.77 inch, hỗ trợ 2 Nano SIM, kết nối 4G, bàn phím T9, đèn pin và pin 1000 mAh cho thời gian dùng lâu. Ngoài ra, máy còn hỗ trợ nghe FM, nhạc và xem video qua thẻ nhớ, đáp ứng nhu cầu cơ bản."
336619,https://www.thegioididong.com/dtdd/realme-14t-5g-8gb,Điện thoại realme 14T 5G 8GB/256GB,realme,8290000.0,NaN,• Đã bán 886,NaN,NaN,NaN,NaN,NaN,NaN,NaN,NaN,NaN,NaN,4.9,NaN,NaN
320721,https://www.thegioididong.com/dtdd/samsung-galaxy-z-fold6,Điện thoại Samsung Galaxy Z Fold6 5G 12GB/256GB,Samsung,36190000.0,-17%,"• Đã bán 89,3k",4400 mAh,10 MP & 4 MP,"Chính 50 MP & Phụ 12 MP, 10 MP",Adreno 750,Type-C,12 GB,Chính: QXGA+ (1856 x 2160 Pixels) & Phụ: HD+ (968 x 2376 Pixels),256 GB,Chính 7.6,Bảo hành chính hãng điện thoại 1 năm tại các trung tâm bảo hành hãng Xem địa chỉ bảo hành,4.9,25 đánh giá,"Sự quay trở lại đầy ấn tượng của siêu phẩm Samsung Galaxy Z Fold6, tiếp tục là biểu tượng cho sự đổi mới và sáng tạo của Samsung trong lĩnh vực điện thoại thông minh. Với những cải tiến vượt trội về mặt thiết kế, cấu hình cao hơn, tính năng ""xịn"" hơn và vẫn giữ nguyên phong cách gập mở đầy ấn tượng cho việc đa nhiệm và xử lý công việc của người dùng hiện đại."
329143,https://www.thegioididong.com/dtdd/iphone-16-pro,Điện thoại iPhone 16 Pro 128GB,iPhone (Apple),25090000.0,-13%,"• Đã bán 9,9k",27 giờ,12 MP,"Chính 48 MP & Phụ 48 MP, 12 MP",Apple GPU 6 nhân,Type-C,8 GB,Super Retina XDR (1206 x 2622 Pixels),128 GB,6.3,Bảo hành chính hãng điện thoại 1 năm tại các trung tâm bảo hành hãng Xem địa chỉ bảo hành,4.9,23 đánh giá,NaN
245545,https://www.thegioididong.com/dtdd/iphone-14-plus,Điện thoại iPhone 14 Plus 128GB,iPhone (Apple),17990000.0,-10%,• Đã bán 90,4325 mAh,12 MP,2 camera 12 MP,Apple GPU 5 nhân,Lightning,6 GB,Super Retina XDR (1284 x 2778 Pixels),128 GB,6.7,Bảo hành chính hãng điện thoại 1 năm tại các trung tâm bảo hành hãng Xem địa chỉ bảo hành,5,131 đánh giá,"Sau nhiều thế hệ điện thoại của Apple thì cái tên “Plus” cũng đã chính thức trở lại vào năm 2022 và xuất hiện trên chiếc iPhone 14 Plus 128GB, nổi trội với ngoại hình bắt trend cùng màn hình kích thước lớn để đem đến không gian hiển thị tốt hơn cùng cấu hình mạnh mẽ không đổi so với bản tiêu chuẩn."
322876,https://www.thegioididong.com/dtdd/masstel-fami-60s,Điện thoại Masstel Fami 60S 4G,Masstel,700000.0,NaN,"• Đã bán 93,8k",2300 mAh,NaN,NaN,NaN,Type-C,48 MB,QVGA (240 x 320 Pixels),128 MB,2,Bảo hành chính hãng điện thoại 1 năm tại các trung tâm bảo hành hãng Xem địa chỉ bảo hành,4.9,8 đánh giá,"Trong thế giới di động ngày nay, việc trở về với những thiết bị đơn giản nhưng đầy đủ chức năng là một nhu cầu ngày càng phổ biến. Masstel Fami 60S 4G chính là câu trả lời hoàn hảo cho những ai tìm kiếm sự tiện lợi và dễ sử dụng trong nghe gọi và nhắn tin, đặc biệt với phụ huynh và người lớn tuổi."
336745,https://www.thegioididong.com/dtdd/tcl-60-nxtpaper,Điện thoại TCL 60 NXTPaper 8GB/256GB,TCL,4390000.0,NaN,• Đã bán 94,NaN,NaN,NaN,NaN,NaN,NaN,NaN,NaN,NaN,NaN,5,NaN,NaN
213031,https://www.thegioididong.com/dtdd/iphone-12,Điện thoại iPhone 12 64GB,iPhone (Apple),9990000.0,-16%,"• Đã bán 94,6k",2815 mAh,12 MP,2 camera 12 MP,Apple GPU 4 nhân,Lightning,4 GB,Super Retina XDR (1170 x 2532 Pixels),64 GB,6.1,Bảo hành chính hãng điện thoại 1 năm tại các trung tâm bảo hành hãng Xem địa chỉ bảo hành,4.9,338 đánh giá,"Trong những tháng cuối năm 2020, Apple đã chính thức giới thiệu đến người dùng cũng như iFan thế hệ iPhone 12 series mới với hàng loạt tính năng bứt phá, thiết kế được lột xác hoàn toàn, hiệu năng đầy mạnh mẽ và một trong số đó chính là iPhone 12 64GB."
332255,https://www.thegioididong.com/dtdd/honor-magic-v3,Điện thoại HONOR Magic V3 5G 12GB/512GB,HONOR,36990000.0,-7%,"• Đã bán 95,6k",5150 mAh,20 MP,"Chính 50 MP & Phụ 50 MP, 40 MP",Adreno 750,Type-C,12 GB,Chính: 2156 x 2344 Pixels & Phụ: 1060 x 2376 Pixels,512 GB,Chính 7.92,Bảo hành chính hãng điện thoại 18 tháng tại các trung tâm bảo hành hãng Xem địa chỉ bảo hành,4.9,1 đánh giá,"HONOR Magic V3 mở ra không gian trải nghiệm thích mắt với thiết kế gập mở linh hoạt. Màn hình gập được làm chất lượng mang đến hiệu ứng hình ảnh sống động, phục vụ tốt cho công việc và giải trí. Bên cạnh đó, HONOR cũng tập trung vào thiết kế bản lề, giúp người dùng sử dụng dễ dàng."
322779,https://www.thegioididong.com/dtdd/samsung-galaxy-z-flip6-512gb,Điện thoại Samsung Galaxy Z Flip6 5G 12GB/512GB,Samsung,25990000.0,-21%,"• Đã bán 95,6k",4000 mAh,10 MP,Chính 50 MP & Phụ 12 MP,Adreno 750,Type-C,12 GB,Chính: FHD+ (1080 x 2640 Pixels) x Phụ: HD+ (720 x 748 Pixels),512 GB,Chính 6.7,Bảo hành chính hãng điện thoại 1 năm tại các trung tâm bảo hành hãng Xem địa chỉ bảo hành,4.9,3 đánh giá,"Samsung Galaxy Z Flip6 512GB mang tính ""đổi mới"" với cơ chế gập mở độc đáo và công nghệ AI tiên tiến. Quay trở lại bùng nổ vào năm 2024, máy hứa hẹn cải tiến thiết kế và nâng cấp hiệu năng cho các tín đồ công nghệ."
303833,https://www.thegioididong.com/dtdd/iphone-15-pro-1tb,Điện thoại iPhone 15 Pro 1TB,iPhone (Apple),34490000.0,-11%,"• Đã bán 95,6k",3274 mAh,12 MP,"Chính 48 MP & Phụ 12 MP, 12 MP",Apple GPU 6 nhân,Type-C,8 GB,Super Retina XDR (1179 x 2556 Pixels),1 TB,6.1,Bảo hành chính hãng điện thoại 1 năm tại các trung tâm bảo hành hãng Xem địa chỉ bảo hành,4.9,1 đánh giá,NaN
320836,https://www.thegioididong.com/dtdd/oppo-a38-6gb,Điện thoại OPPO A38 6GB/128GB,OPPO,3990000.0,-11%,"• Đã bán 95,6k",5000 mAh,5 MP,Chính 50 MP & Phụ 2 MP,Mali-G52 MP2,Type-C,6 GB,HD+ (720 x 1612 Pixels),128 GB,6.56,Bảo hành chính hãng điện thoại 1 năm tại các trung tâm bảo hành hãng Xem địa chỉ bảo hành,4.9,26 đánh giá,"OPPO A38 6GB chiếc điện thoại thông minh đáp ứng nhu cầu của người dùng hiện đại, với nhiều ưu điểm nổi bật như pin lớn 5000 mAh, sạc nhanh 33 W, bộ vi xử lý mạnh mẽ, màn hình sắc nét và camera chuyên nghiệp."
320964,https://www.thegioididong.com/dtdd/samsung-galaxy-m15,Điện thoại Samsung Galaxy M15 5G 6GB/128GB,Samsung,4990000.0,NaN,"• Đã bán 95,6k",6000 mAh,13 MP,"Chính 50 MP & Phụ 5 MP, 2 MP",Mali-G57 MP2,Type-C,6 GB,Full HD+ (1080 x 2340 Pixels),128 GB,6.5,Bảo hành chính hãng điện thoại 1 năm tại các trung tâm bảo hành hãng Xem địa chỉ bảo hành,4.9,84 đánh giá,"Trong thế giới smartphone đầy cạnh tranh, Samsung Galaxy M15 5G xuất hiện như một làn gió mới mẻ, mang đến cho người dùng trải nghiệm công nghệ ấn tượng với đầy đủ tính năng cao cấp trong một thiết kế tinh tế và tiện lợi. Đẳng cấp, hiệu năng mạnh mẽ và trải nghiệm đỉnh cao, đó là những gì Galaxy M15 5G hứa hẹn mang lại cho bạn."
